time,Alt,Mach,Weight_On_Nose_Wheels,Aircraft_state,heat_load
0.0,0.0,0.0,1,0,50
1.0,33.333333333333336,0.004,1,0,50
2.0,66.66666666666667,0.008,1,0,50
3.0,100.0,0.012,1,0,50
4.0,133.33333333333334,0.016,1,0,50
5.0,166.66666666666669,0.02,1,0,50
6.0,200.0,0.024,1,0,50
7.0,233.33333333333331,0.028,1,0,50
8.0,266.6666666666667,0.032,1,0,50
9.0,300.0,0.036,1,0,50
10.0,333.33333333333337,0.04,1,0,50
11.0,366.6666666666667,0.044,1,0,50
12.0,400.0,0.048,1,0,50
13.0,433.33333333333337,0.052,1,0,50
14.0,466.6666666666667,0.056,1,0,50
15.0,500.00000000000006,0.06,1,0,50
16.0,533.3333333333334,0.064,1,0,50
17.0,566.6666666666667,0.068,1,0,50
18.0,600.0,0.072,1,0,50
19.0,633.3333333333334,0.076,1,0,50
20.0,666.6666666666667,0.08,1,0,50
21.0,700.0,0.084,1,0,50
22.0,733.3333333333334,0.088,1,0,50
23.0,766.6666666666667,0.092,1,0,50
24.0,800.0,0.096,1,0,50
25.0,833.3333333333334,0.1,1,0,50
26.0,866.6666666666667,0.104,1,0,50
27.0,900.0000000000001,0.108,1,0,50
28.0,933.3333333333334,0.112,1,0,50
29.0,966.6666666666669,0.116,1,0,50
30.0,1000.0,0.12,1,0,50
31.0,1033.3333333333337,0.124,1,0,50
32.0,1066.6666666666667,0.128,1,0,50
33.0,1100.0,0.132,1,0,50
34.0,1133.3333333333337,0.136,1,0,50
35.0,1166.6666666666667,0.14,1,0,50
36.0,1200.0,0.144,1,0,50
37.0,1233.3333333333337,0.148,1,0,50
38.0,1266.6666666666667,0.152,1,0,50
39.0,1300.0,0.156,1,0,50
40.0,1333.3333333333337,0.16,1,0,50
41.0,1366.6666666666667,0.164,1,0,50
42.0,1400.0,0.168,1,0,50
43.0,1433.3333333333337,0.172,1,0,50
44.0,1466.6666666666667,0.176,1,0,50
45.0,1500.0,0.18,1,0,50
46.0,1533.3333333333337,0.184,1,0,50
47.0,1566.6666666666667,0.188,1,0,50
48.0,1600.0,0.192,1,0,50
49.0,1633.3333333333337,0.196,1,0,50
50.0,1666.6666666666667,0.2,1,0,50
51.0,1700.0000000000002,0.204,1,0,50
52.0,1733.3333333333337,0.208,1,0,50
53.0,1766.6666666666667,0.212,1,0,50
54.0,1800.0000000000002,0.216,1,0,50
55.0,1833.3333333333333,0.22,1,0,50
56.0,1866.6666666666667,0.224,1,0,50
57.0,1900.0,0.228,1,0,50
58.0,1933.3333333333333,0.232,1,0,50
59.0,1966.6666666666667,0.236,1,0,50
60.0,2000.0,0.24,1,0,50
61.0,2033.3333333333333,0.244,1,0,50
62.0,2066.666666666667,0.248,1,0,50
63.0,2100.0,0.252,1,0,50
64.0,2133.333333333333,0.256,1,0,50
65.0,2166.666666666667,0.26,1,0,50
66.0,2200.0,0.264,1,0,50
67.0,2233.333333333333,0.268,1,0,50
68.0,2266.666666666667,0.272,1,0,50
69.0,2300.0,0.276,1,0,50
70.0,2333.333333333333,0.28,1,0,50
71.0,2366.666666666667,0.284,1,0,50
72.0,2400.0,0.288,1,0,50
73.0,2433.333333333333,0.292,1,0,50
74.0,2466.666666666667,0.296,1,0,50
75.0,2500.0,0.3,1,0,50
76.0,2533.333333333333,0.304,1,0,50
77.0,2566.666666666667,0.308,1,0,50
78.0,2600.0,0.312,1,0,50
79.0,2633.333333333333,0.316,1,0,50
80.0,2666.666666666667,0.32,1,0,50
81.0,2700.0,0.324,1,0,50
82.0,2733.333333333333,0.328,1,0,50
83.0,2766.666666666667,0.332,1,0,50
84.0,2800.0,0.336,1,0,50
85.0,2833.333333333333,0.34,1,0,50
86.0,2866.666666666667,0.344,1,0,50
87.0,2900.0,0.348,1,0,50
88.0,2933.333333333333,0.352,1,0,50
89.0,2966.666666666667,0.356,1,0,50
90.0,3000.0,0.36,1,0,50
91.0,3033.333333333333,0.364,1,0,50
92.0,3066.666666666667,0.368,1,0,50
93.0,3100.0,0.372,1,0,50
94.0,3133.333333333333,0.376,1,0,50
95.0,3166.666666666667,0.38,1,0,50
96.0,3200.0,0.384,1,0,50
97.0,3233.333333333333,0.388,1,0,50
98.0,3266.666666666667,0.392,1,0,50
99.0,3300.0000000000005,0.396,1,0,50
100.0,3333.333333333333,0.4,1,0,50
101.0,3366.666666666667,0.404,1,0,50
102.0,3400.0000000000005,0.408,1,0,50
103.0,3433.333333333333,0.412,1,0,50
104.0,3466.666666666667,0.416,1,0,50
105.0,3500.0000000000005,0.42,1,0,50
106.0,3533.333333333333,0.424,1,0,50
107.0,3566.666666666667,0.428,1,0,50
108.0,3600.0000000000005,0.432,1,0,50
109.0,3633.3333333333335,0.436,1,0,50
110.0,3666.666666666667,0.44,1,0,50
111.0,3700.000000000001,0.444,1,0,50
112.0,3733.3333333333335,0.448,1,0,50
113.0,3766.666666666667,0.452,1,0,50
114.0,3800.000000000001,0.456,1,0,50
115.0,3833.3333333333335,0.46,1,0,50
116.0,3866.666666666667,0.464,1,0,50
117.0,3900.000000000001,0.468,1,0,50
118.0,3933.3333333333335,0.472,1,0,50
119.0,3966.666666666667,0.476,1,0,50
120.0,4000.000000000001,0.48,1,0,50
121.0,4033.3333333333335,0.484,1,0,50
122.0,4066.666666666667,0.488,1,0,50
123.0,4100.0,0.492,1,0,50
124.0,4133.333333333334,0.496,1,0,50
125.0,4166.666666666667,0.5,1,0,50
126.0,4200.0,0.504,1,0,50
127.0,4233.333333333334,0.508,1,0,50
128.0,4266.666666666667,0.512,1,0,50
129.0,4300.0,0.516,1,0,50
130.0,4333.333333333334,0.52,1,0,50
131.0,4366.666666666667,0.524,1,0,50
132.0,4400.0,0.528,1,0,50
133.0,4433.333333333334,0.532,1,0,50
134.0,4466.666666666667,0.536,1,0,50
135.0,4500.0,0.54,1,0,50
136.0,4533.333333333334,0.544,1,0,50
137.0,4566.666666666667,0.548,1,0,50
138.0,4600.0,0.552,1,0,50
139.0,4633.333333333334,0.556,1,0,50
140.0,4666.666666666667,0.56,1,0,50
141.0,4700.0,0.5640000000000001,1,0,50
142.0,4733.333333333334,0.5680000000000001,1,0,50
143.0,4766.666666666667,0.5720000000000001,1,0,50
144.0,4800.0,0.5760000000000001,1,0,50
145.0,4833.333333333334,0.58,1,0,50
146.0,4866.666666666667,0.584,1,0,50
147.0,4900.0,0.588,1,0,50
148.0,4933.333333333334,0.592,1,0,50
149.0,4966.666666666667,0.596,1,0,50
150.0,5000.0,0.6,0,4,4000
151.0,5033.333333333334,0.604,0,4,4000
152.0,5066.666666666667,0.608,0,4,4000
153.0,5100.0,0.612,0,4,4000
154.0,5133.333333333334,0.616,0,4,4000
155.0,5166.666666666667,0.62,0,4,4000
156.0,5200.0,0.624,0,4,4000
157.0,5233.333333333334,0.628,0,4,4000
158.0,5266.666666666667,0.632,0,4,4000
159.0,5300.0,0.636,0,4,4000
160.0,5333.333333333334,0.64,0,4,4000
161.0,5366.666666666667,0.644,0,4,4000
162.0,5400.0,0.648,0,4,4000
163.0,5433.333333333334,0.652,0,4,4000
164.0,5466.666666666667,0.656,0,4,4000
165.0,5500.0,0.66,0,4,4000
166.0,5533.333333333334,0.664,0,4,4000
167.0,5566.666666666667,0.668,0,4,4000
168.0,5600.0,0.672,0,4,4000
169.0,5633.333333333334,0.676,0,4,4000
170.0,5666.666666666667,0.68,0,4,4000
171.0,5700.0,0.684,0,4,4000
172.0,5733.333333333334,0.6880000000000001,0,4,4000
173.0,5766.666666666667,0.6920000000000001,0,4,4000
174.0,5800.0,0.6960000000000001,0,4,4000
175.0,5833.333333333334,0.7000000000000001,0,4,4000
176.0,5866.666666666667,0.704,0,4,4000
177.0,5900.0,0.708,0,4,4000
178.0,5933.333333333334,0.712,0,4,4000
179.0,5966.666666666667,0.716,0,4,4000
180.0,6000.0,0.72,0,4,4000
181.0,6033.333333333334,0.724,0,4,4000
182.0,6066.666666666667,0.728,0,4,4000
183.0,6100.0,0.732,0,4,4000
184.0,6133.333333333334,0.736,0,4,4000
185.0,6166.666666666667,0.74,0,4,4000
186.0,6200.0,0.744,0,4,4000
187.0,6233.333333333334,0.748,0,4,4000
188.0,6266.666666666667,0.752,0,4,4000
189.0,6300.0,0.756,0,4,4000
190.0,6333.333333333334,0.76,0,4,4000
191.0,6366.666666666667,0.764,0,4,4000
192.0,6400.0,0.768,0,4,4000
193.0,6433.333333333334,0.772,0,4,4000
194.0,6466.666666666667,0.776,0,4,4000
195.0,6500.000000000001,0.78,0,4,4000
196.0,6533.333333333334,0.784,0,4,4000
197.0,6566.666666666667,0.788,0,4,4000
198.0,6600.000000000001,0.792,0,4,4000
199.0,6633.333333333334,0.796,0,4,4000
200.0,6666.666666666667,0.8,0,4,4000
201.0,6700.000000000001,0.804,0,4,4000
202.0,6733.333333333334,0.808,0,4,4000
203.0,6766.666666666667,0.812,0,4,4000
204.0,6800.000000000001,0.8160000000000001,0,4,4000
205.0,6833.333333333334,0.8200000000000001,0,4,4000
206.0,6866.666666666667,0.8240000000000001,0,4,4000
207.0,6900.000000000001,0.8280000000000001,0,4,4000
208.0,6933.333333333334,0.8320000000000001,0,4,4000
209.0,6966.666666666667,0.836,0,4,4000
210.0,7000.000000000001,0.84,0,4,4000
211.0,7033.333333333334,0.844,0,4,4000
212.0,7066.666666666667,0.848,0,4,4000
213.0,7100.000000000001,0.852,0,4,4000
214.0,7133.333333333334,0.856,0,4,4000
215.0,7166.666666666667,0.86,0,4,4000
216.0,7200.000000000001,0.864,0,4,4000
217.0,7233.333333333334,0.868,0,4,4000
218.0,7266.666666666667,0.872,0,4,4000
219.0,7300.000000000001,0.876,0,4,4000
220.0,7333.333333333334,0.88,0,4,4000
221.0,7366.666666666667,0.884,0,4,4000
222.0,7400.000000000001,0.888,0,4,4000
223.0,7433.333333333334,0.892,0,4,4000
224.0,7466.666666666667,0.896,0,4,4000
225.0,7500.000000000001,0.9,0,4,4000
226.0,7533.333333333334,0.904,0,4,4000
227.0,7566.666666666667,0.908,0,4,4000
228.0,7600.000000000001,0.912,0,4,4000
229.0,7633.333333333334,0.916,0,4,4000
230.0,7666.666666666667,0.92,0,4,4000
231.0,7700.000000000001,0.924,0,4,4000
232.0,7733.333333333334,0.928,0,4,4000
233.0,7766.666666666667,0.932,0,4,4000
234.0,7800.000000000001,0.936,0,4,4000
235.0,7833.333333333334,0.94,0,4,4000
236.0,7866.666666666667,0.944,0,4,4000
237.0,7900.000000000001,0.948,0,4,4000
238.0,7933.333333333334,0.952,0,4,4000
239.0,7966.666666666667,0.956,0,4,4000
240.0,8000.000000000001,0.96,0,4,4000
241.0,8033.333333333334,0.964,0,4,4000
242.0,8066.666666666667,0.968,0,4,4000
243.0,8100.000000000001,0.972,0,4,4000
244.0,8133.333333333334,0.976,0,4,4000
245.0,8166.666666666667,0.98,0,4,4000
246.0,8200.0,0.984,0,4,4000
247.0,8233.333333333334,0.988,0,4,4000
248.0,8266.666666666668,0.992,0,4,4000
249.0,8300.0,0.996,0,4,4000
250.0,8333.333333333334,1.0,0,4,4000
251.0,8366.666666666668,1.004,0,4,4000
252.0,8400.0,1.008,0,4,4000
253.0,8433.333333333334,1.012,0,4,4000
254.0,8466.666666666668,1.016,0,4,4000
255.0,8500.0,1.02,0,4,4000
256.0,8533.333333333334,1.024,0,4,4000
257.0,8566.666666666668,1.028,0,4,4000
258.0,8600.0,1.032,0,4,4000
259.0,8633.333333333334,1.036,0,4,4000
260.0,8666.666666666668,1.04,0,4,4000
261.0,8700.0,1.044,0,4,4000
262.0,8733.333333333334,1.048,0,4,4000
263.0,8766.666666666668,1.052,0,4,4000
264.0,8800.0,1.056,0,4,4000
265.0,8833.333333333334,1.06,0,4,4000
266.0,8866.666666666668,1.064,0,4,4000
267.0,8900.0,1.068,0,4,4000
268.0,8933.333333333334,1.072,0,4,4000
269.0,8966.666666666668,1.076,0,4,4000
270.0,9000.0,1.08,0,4,4000
271.0,9033.333333333334,1.084,0,4,4000
272.0,9066.666666666668,1.088,0,4,4000
273.0,9100.0,1.092,0,4,4000
274.0,9133.333333333334,1.096,0,4,4000
275.0,9166.666666666668,1.1,0,4,4000
276.0,9200.0,1.104,0,4,4000
277.0,9233.333333333334,1.108,0,4,4000
278.0,9266.666666666668,1.112,0,4,4000
279.0,9300.0,1.116,0,4,4000
280.0,9333.333333333334,1.12,0,4,4000
281.0,9366.666666666668,1.124,0,4,4000
282.0,9400.0,1.128,0,4,4000
283.0,9433.333333333334,1.132,0,4,4000
284.0,9466.666666666668,1.136,0,4,4000
285.0,9500.0,1.14,0,4,4000
286.0,9533.333333333334,1.144,0,4,4000
287.0,9566.666666666668,1.148,0,4,4000
288.0,9600.0,1.152,0,4,4000
289.0,9633.333333333334,1.156,0,4,4000
290.0,9666.666666666668,1.16,0,4,4000
291.0,9700.0,1.164,0,4,4000
292.0,9733.333333333334,1.168,0,4,4000
293.0,9766.666666666668,1.172,0,4,4000
294.0,9800.0,1.176,0,4,4000
295.0,9833.333333333334,1.18,0,4,4000
296.0,9866.666666666668,1.184,0,4,4000
297.0,9900.0,1.188,0,4,4000
298.0,9933.333333333334,1.192,0,4,4000
299.0,9966.666666666668,1.196,0,4,4000
300.0,10000.0,1.2,0,4,4000
301.0,10000.0,1.2,0,4,4000
302.0,10000.0,1.2,0,4,4000
303.0,10000.0,1.2,0,4,4000
304.0,10000.0,1.2,0,4,4000
305.0,10000.0,1.2,0,4,4000
306.0,10000.0,1.2,0,4,4000
307.0,10000.0,1.2,0,4,4000
308.0,10000.0,1.2,0,4,4000
309.0,10000.0,1.2,0,4,4000
310.0,10000.0,1.2,0,4,4000
311.0,10000.0,1.2,0,4,4000
312.0,10000.0,1.2,0,4,4000
313.0,10000.0,1.2,0,4,4000
314.0,10000.0,1.2,0,4,4000
315.0,10000.0,1.2,0,4,4000
316.0,10000.0,1.2,0,4,4000
317.0,10000.0,1.2,0,4,4000
318.0,10000.0,1.2,0,4,4000
319.0,10000.0,1.2,0,4,4000
320.0,10000.0,1.2,0,4,4000
321.0,10000.0,1.2,0,4,4000
322.0,10000.0,1.2,0,4,4000
323.0,10000.0,1.2,0,4,4000
324.0,10000.0,1.2,0,4,4000
325.0,10000.0,1.2,0,4,4000
326.0,10000.0,1.2,0,4,4000
327.0,10000.0,1.2,0,4,4000
328.0,10000.0,1.2,0,4,4000
329.0,10000.0,1.2,0,4,4000
330.0,10000.0,1.2,0,4,4000
331.0,10000.0,1.2,0,4,4000
332.0,10000.0,1.2,0,4,4000
333.0,10000.0,1.2,0,4,4000
334.0,10000.0,1.2,0,4,4000
335.0,10000.0,1.2,0,4,4000
336.0,10000.0,1.2,0,4,4000
337.0,10000.0,1.2,0,4,4000
338.0,10000.0,1.2,0,4,4000
339.0,10000.0,1.2,0,4,4000
340.0,10000.0,1.2,0,4,4000
341.0,10000.0,1.2,0,4,4000
342.0,10000.0,1.2,0,4,4000
343.0,10000.0,1.2,0,4,4000
344.0,10000.0,1.2,0,4,4000
345.0,10000.0,1.2,0,4,4000
346.0,10000.0,1.2,0,4,4000
347.0,10000.0,1.2,0,4,4000
348.0,10000.0,1.2,0,4,4000
349.0,10000.0,1.2,0,4,4000
350.0,10000.0,1.2,0,4,4000
351.0,10000.0,1.2,0,4,4000
352.0,10000.0,1.2,0,4,4000
353.0,10000.0,1.2,0,4,4000
354.0,10000.0,1.2,0,4,4000
355.0,10000.0,1.2,0,4,4000
356.0,10000.0,1.2,0,4,4000
357.0,10000.0,1.2,0,4,4000
358.0,10000.0,1.2,0,4,4000
359.0,10000.0,1.2,0,4,4000
360.0,10000.0,1.2,0,4,4000
361.0,10000.0,1.2,0,4,4000
362.0,10000.0,1.2,0,4,4000
363.0,10000.0,1.2,0,4,4000
364.0,10000.0,1.2,0,4,4000
365.0,10000.0,1.2,0,4,4000
366.0,10000.0,1.2,0,4,4000
367.0,10000.0,1.2,0,4,4000
368.0,10000.0,1.2,0,4,4000
369.0,10000.0,1.2,0,4,4000
370.0,10000.0,1.2,0,4,4000
371.0,10000.0,1.2,0,4,4000
372.0,10000.0,1.2,0,4,4000
373.0,10000.0,1.2,0,4,4000
374.0,10000.0,1.2,0,4,4000
375.0,10000.0,1.2,0,4,4000
376.0,10000.0,1.2,0,4,4000
377.0,10000.0,1.2,0,4,4000
378.0,10000.0,1.2,0,4,4000
379.0,10000.0,1.2,0,4,4000
380.0,10000.0,1.2,0,4,4000
381.0,10000.0,1.2,0,4,4000
382.0,10000.0,1.2,0,4,4000
383.0,10000.0,1.2,0,4,4000
384.0,10000.0,1.2,0,4,4000
385.0,10000.0,1.2,0,4,4000
386.0,10000.0,1.2,0,4,4000
387.0,10000.0,1.2,0,4,4000
388.0,10000.0,1.2,0,4,4000
389.0,10000.0,1.2,0,4,4000
390.0,10000.0,1.2,0,4,4000
391.0,10000.0,1.2,0,4,4000
392.0,10000.0,1.2,0,4,4000
393.0,10000.0,1.2,0,4,4000
394.0,10000.0,1.2,0,4,4000
395.0,10000.0,1.2,0,4,4000
396.0,10000.0,1.2,0,4,4000
397.0,10000.0,1.2,0,4,4000
398.0,10000.0,1.2,0,4,4000
399.0,10000.0,1.2,0,4,4000
400.0,10000.0,1.2,0,4,4000
401.0,10000.0,1.2,0,4,4000
402.0,10000.0,1.2,0,4,4000
403.0,10000.0,1.2,0,4,4000
404.0,10000.0,1.2,0,4,4000
405.0,10000.0,1.2,0,4,4000
406.0,10000.0,1.2,0,4,4000
407.0,10000.0,1.2,0,4,4000
408.0,10000.0,1.2,0,4,4000
409.0,10000.0,1.2,0,4,4000
410.0,10000.0,1.2,0,4,4000
411.0,10000.0,1.2,0,4,4000
412.0,10000.0,1.2,0,4,4000
413.0,10000.0,1.2,0,4,4000
414.0,10000.0,1.2,0,4,4000
415.0,10000.0,1.2,0,4,4000
416.0,10000.0,1.2,0,4,4000
417.0,10000.0,1.2,0,4,4000
418.0,10000.0,1.2,0,4,4000
419.0,10000.0,1.2,0,4,4000
420.0,10000.0,1.2,0,4,4000
421.0,10000.0,1.2,0,4,4000
422.0,10000.0,1.2,0,4,4000
423.0,10000.0,1.2,0,4,4000
424.0,10000.0,1.2,0,4,4000
425.0,10000.0,1.2,0,4,4000
426.0,10000.0,1.2,0,4,4000
427.0,10000.0,1.2,0,4,4000
428.0,10000.0,1.2,0,4,4000
429.0,10000.0,1.2,0,4,4000
430.0,10000.0,1.2,0,4,4000
431.0,10000.0,1.2,0,4,4000
432.0,10000.0,1.2,0,4,4000
433.0,10000.0,1.2,0,4,4000
434.0,10000.0,1.2,0,4,4000
435.0,10000.0,1.2,0,4,4000
436.0,10000.0,1.2,0,4,4000
437.0,10000.0,1.2,0,4,4000
438.0,10000.0,1.2,0,4,4000
439.0,10000.0,1.2,0,4,4000
440.0,10000.0,1.2,0,4,4000
441.0,10000.0,1.2,0,4,4000
442.0,10000.0,1.2,0,4,4000
443.0,10000.0,1.2,0,4,4000
444.0,10000.0,1.2,0,4,4000
445.0,10000.0,1.2,0,4,4000
446.0,10000.0,1.2,0,4,4000
447.0,10000.0,1.2,0,4,4000
448.0,10000.0,1.2,0,4,4000
449.0,10000.0,1.2,0,4,4000
450.0,10000.0,1.2,0,4,4000
451.0,10000.0,1.2,0,4,4000
452.0,10000.0,1.2,0,4,4000
453.0,10000.0,1.2,0,4,4000
454.0,10000.0,1.2,0,4,4000
455.0,10000.0,1.2,0,4,4000
456.0,10000.0,1.2,0,4,4000
457.0,10000.0,1.2,0,4,4000
458.0,10000.0,1.2,0,4,4000
459.0,10000.0,1.2,0,4,4000
460.0,10000.0,1.2,0,4,4000
461.0,10000.0,1.2,0,4,4000
462.0,10000.0,1.2,0,4,4000
463.0,10000.0,1.2,0,4,4000
464.0,10000.0,1.2,0,4,4000
465.0,10000.0,1.2,0,4,4000
466.0,10000.0,1.2,0,4,4000
467.0,10000.0,1.2,0,4,4000
468.0,10000.0,1.2,0,4,4000
469.0,10000.0,1.2,0,4,4000
470.0,10000.0,1.2,0,4,4000
471.0,10000.0,1.2,0,4,4000
472.0,10000.0,1.2,0,4,4000
473.0,10000.0,1.2,0,4,4000
474.0,10000.0,1.2,0,4,4000
475.0,10000.0,1.2,0,4,4000
476.0,10000.0,1.2,0,4,4000
477.0,10000.0,1.2,0,4,4000
478.0,10000.0,1.2,0,4,4000
479.0,10000.0,1.2,0,4,4000
480.0,10000.0,1.2,0,4,4000
481.0,10000.0,1.2,0,4,4000
482.0,10000.0,1.2,0,4,4000
483.0,10000.0,1.2,0,4,4000
484.0,10000.0,1.2,0,4,4000
485.0,10000.0,1.2,0,4,4000
486.0,10000.0,1.2,0,4,4000
487.0,10000.0,1.2,0,4,4000
488.0,10000.0,1.2,0,4,4000
489.0,10000.0,1.2,0,4,4000
490.0,10000.0,1.2,0,4,4000
491.0,10000.0,1.2,0,4,4000
492.0,10000.0,1.2,0,4,4000
493.0,10000.0,1.2,0,4,4000
494.0,10000.0,1.2,0,4,4000
495.0,10000.0,1.2,0,4,4000
496.0,10000.0,1.2,0,4,4000
497.0,10000.0,1.2,0,4,4000
498.0,10000.0,1.2,0,4,4000
499.0,10000.0,1.2,0,4,4000
500.0,10000.0,1.2,0,4,4000
501.0,10000.0,1.2,0,4,4000
502.0,10000.0,1.2,0,4,4000
503.0,10000.0,1.2,0,4,4000
504.0,10000.0,1.2,0,4,4000
505.0,10000.0,1.2,0,4,4000
506.0,10000.0,1.2,0,4,4000
507.0,10000.0,1.2,0,4,4000
508.0,10000.0,1.2,0,4,4000
509.0,10000.0,1.2,0,4,4000
510.0,10000.0,1.2,0,4,4000
511.0,10000.0,1.2,0,4,4000
512.0,10000.0,1.2,0,4,4000
513.0,10000.0,1.2,0,4,4000
514.0,10000.0,1.2,0,4,4000
515.0,10000.0,1.2,0,4,4000
516.0,10000.0,1.2,0,4,4000
517.0,10000.0,1.2,0,4,4000
518.0,10000.0,1.2,0,4,4000
519.0,10000.0,1.2,0,4,4000
520.0,10000.0,1.2,0,4,4000
521.0,10000.0,1.2,0,4,4000
522.0,10000.0,1.2,0,4,4000
523.0,10000.0,1.2,0,4,4000
524.0,10000.0,1.2,0,4,4000
525.0,10000.0,1.2,0,4,4000
526.0,10000.0,1.2,0,4,4000
527.0,10000.0,1.2,0,4,4000
528.0,10000.0,1.2,0,4,4000
529.0,10000.0,1.2,0,4,4000
530.0,10000.0,1.2,0,4,4000
531.0,10000.0,1.2,0,4,4000
532.0,10000.0,1.2,0,4,4000
533.0,10000.0,1.2,0,4,4000
534.0,10000.0,1.2,0,4,4000
535.0,10000.0,1.2,0,4,4000
536.0,10000.0,1.2,0,4,4000
537.0,10000.0,1.2,0,4,4000
538.0,10000.0,1.2,0,4,4000
539.0,10000.0,1.2,0,4,4000
540.0,10000.0,1.2,0,4,4000
541.0,10000.0,1.2,0,4,4000
542.0,10000.0,1.2,0,4,4000
543.0,10000.0,1.2,0,4,4000
544.0,10000.0,1.2,0,4,4000
545.0,10000.0,1.2,0,4,4000
546.0,10000.0,1.2,0,4,4000
547.0,10000.0,1.2,0,4,4000
548.0,10000.0,1.2,0,4,4000
549.0,10000.0,1.2,0,4,4000
550.0,10000.0,1.2,0,4,4000
551.0,10000.0,1.2,0,4,4000
552.0,10000.0,1.2,0,4,4000
553.0,10000.0,1.2,0,4,4000
554.0,10000.0,1.2,0,4,4000
555.0,10000.0,1.2,0,4,4000
556.0,10000.0,1.2,0,4,4000
557.0,10000.0,1.2,0,4,4000
558.0,10000.0,1.2,0,4,4000
559.0,10000.0,1.2,0,4,4000
560.0,10000.0,1.2,0,4,4000
561.0,10000.0,1.2,0,4,4000
562.0,10000.0,1.2,0,4,4000
563.0,10000.0,1.2,0,4,4000
564.0,10000.0,1.2,0,4,4000
565.0,10000.0,1.2,0,4,4000
566.0,10000.0,1.2,0,4,4000
567.0,10000.0,1.2,0,4,4000
568.0,10000.0,1.2,0,4,4000
569.0,10000.0,1.2,0,4,4000
570.0,10000.0,1.2,0,4,4000
571.0,10000.0,1.2,0,4,4000
572.0,10000.0,1.2,0,4,4000
573.0,10000.0,1.2,0,4,4000
574.0,10000.0,1.2,0,4,4000
575.0,10000.0,1.2,0,4,4000
576.0,10000.0,1.2,0,4,4000
577.0,10000.0,1.2,0,4,4000
578.0,10000.0,1.2,0,4,4000
579.0,10000.0,1.2,0,4,4000
580.0,10000.0,1.2,0,4,4000
581.0,10000.0,1.2,0,4,4000
582.0,10000.0,1.2,0,4,4000
583.0,10000.0,1.2,0,4,4000
584.0,10000.0,1.2,0,4,4000
585.0,10000.0,1.2,0,4,4000
586.0,10000.0,1.2,0,4,4000
587.0,10000.0,1.2,0,4,4000
588.0,10000.0,1.2,0,4,4000
589.0,10000.0,1.2,0,4,4000
590.0,10000.0,1.2,0,4,4000
591.0,10000.0,1.2,0,4,4000
592.0,10000.0,1.2,0,4,4000
593.0,10000.0,1.2,0,4,4000
594.0,10000.0,1.2,0,4,4000
595.0,10000.0,1.2,0,4,4000
596.0,10000.0,1.2,0,4,4000
597.0,10000.0,1.2,0,4,4000
598.0,10000.0,1.2,0,4,4000
599.0,10000.0,1.2,0,4,4000
600.0,10000.0,1.2,0,4,4000
601.0,10000.0,1.2,0,4,4000
602.0,10000.0,1.2,0,4,4000
603.0,10000.0,1.2,0,4,4000
604.0,10000.0,1.2,0,4,4000
605.0,10000.0,1.2,0,4,4000
606.0,10000.0,1.2,0,4,4000
607.0,10000.0,1.2,0,4,4000
608.0,10000.0,1.2,0,4,4000
609.0,10000.0,1.2,0,4,4000
610.0,10000.0,1.2,0,4,4000
611.0,10000.0,1.2,0,4,4000
612.0,10000.0,1.2,0,4,4000
613.0,10000.0,1.2,0,4,4000
614.0,10000.0,1.2,0,4,4000
615.0,10000.0,1.2,0,4,4000
616.0,10000.0,1.2,0,4,4000
617.0,10000.0,1.2,0,4,4000
618.0,10000.0,1.2,0,4,4000
619.0,10000.0,1.2,0,4,4000
620.0,10000.0,1.2,0,4,4000
621.0,10000.0,1.2,0,4,4000
622.0,10000.0,1.2,0,4,4000
623.0,10000.0,1.2,0,4,4000
624.0,10000.0,1.2,0,4,4000
625.0,10000.0,1.2,0,4,4000
626.0,10000.0,1.2,0,4,4000
627.0,10000.0,1.2,0,4,4000
628.0,10000.0,1.2,0,4,4000
629.0,10000.0,1.2,0,4,4000
630.0,10000.0,1.2,0,4,4000
631.0,10000.0,1.2,0,4,4000
632.0,10000.0,1.2,0,4,4000
633.0,10000.0,1.2,0,4,4000
634.0,10000.0,1.2,0,4,4000
635.0,10000.0,1.2,0,4,4000
636.0,10000.0,1.2,0,4,4000
637.0,10000.0,1.2,0,4,4000
638.0,10000.0,1.2,0,4,4000
639.0,10000.0,1.2,0,4,4000
640.0,10000.0,1.2,0,4,4000
641.0,10000.0,1.2,0,4,4000
642.0,10000.0,1.2,0,4,4000
643.0,10000.0,1.2,0,4,4000
644.0,10000.0,1.2,0,4,4000
645.0,10000.0,1.2,0,4,4000
646.0,10000.0,1.2,0,4,4000
647.0,10000.0,1.2,0,4,4000
648.0,10000.0,1.2,0,4,4000
649.0,10000.0,1.2,0,4,4000
650.0,10000.0,1.2,0,4,4000
651.0,10000.0,1.2,0,4,4000
652.0,10000.0,1.2,0,4,4000
653.0,10000.0,1.2,0,4,4000
654.0,10000.0,1.2,0,4,4000
655.0,10000.0,1.2,0,4,4000
656.0,10000.0,1.2,0,4,4000
657.0,10000.0,1.2,0,4,4000
658.0,10000.0,1.2,0,4,4000
659.0,10000.0,1.2,0,4,4000
660.0,10000.0,1.2,0,4,4000
661.0,10000.0,1.2,0,4,4000
662.0,10000.0,1.2,0,4,4000
663.0,10000.0,1.2,0,4,4000
664.0,10000.0,1.2,0,4,4000
665.0,10000.0,1.2,0,4,4000
666.0,10000.0,1.2,0,4,4000
667.0,10000.0,1.2,0,4,4000
668.0,10000.0,1.2,0,4,4000
669.0,10000.0,1.2,0,4,4000
670.0,10000.0,1.2,0,4,4000
671.0,10000.0,1.2,0,4,4000
672.0,10000.0,1.2,0,4,4000
673.0,10000.0,1.2,0,4,4000
674.0,10000.0,1.2,0,4,4000
675.0,10000.0,1.2,0,4,4000
676.0,10000.0,1.2,0,4,4000
677.0,10000.0,1.2,0,4,4000
678.0,10000.0,1.2,0,4,4000
679.0,10000.0,1.2,0,4,4000
680.0,10000.0,1.2,0,4,4000
681.0,10000.0,1.2,0,4,4000
682.0,10000.0,1.2,0,4,4000
683.0,10000.0,1.2,0,4,4000
684.0,10000.0,1.2,0,4,4000
685.0,10000.0,1.2,0,4,4000
686.0,10000.0,1.2,0,4,4000
687.0,10000.0,1.2,0,4,4000
688.0,10000.0,1.2,0,4,4000
689.0,10000.0,1.2,0,4,4000
690.0,10000.0,1.2,0,4,4000
691.0,10000.0,1.2,0,4,4000
692.0,10000.0,1.2,0,4,4000
693.0,10000.0,1.2,0,4,4000
694.0,10000.0,1.2,0,4,4000
695.0,10000.0,1.2,0,4,4000
696.0,10000.0,1.2,0,4,4000
697.0,10000.0,1.2,0,4,4000
698.0,10000.0,1.2,0,4,4000
699.0,10000.0,1.2,0,4,4000
700.0,10000.0,1.2,0,4,4000
701.0,10000.0,1.2,0,4,4000
702.0,10000.0,1.2,0,4,4000
703.0,10000.0,1.2,0,4,4000
704.0,10000.0,1.2,0,4,4000
705.0,10000.0,1.2,0,4,4000
706.0,10000.0,1.2,0,4,4000
707.0,10000.0,1.2,0,4,4000
708.0,10000.0,1.2,0,4,4000
709.0,10000.0,1.2,0,4,4000
710.0,10000.0,1.2,0,4,4000
711.0,10000.0,1.2,0,4,4000
712.0,10000.0,1.2,0,4,4000
713.0,10000.0,1.2,0,4,4000
714.0,10000.0,1.2,0,4,4000
715.0,10000.0,1.2,0,4,4000
716.0,10000.0,1.2,0,4,4000
717.0,10000.0,1.2,0,4,4000
718.0,10000.0,1.2,0,4,4000
719.0,10000.0,1.2,0,4,4000
720.0,10000.0,1.2,0,4,4000
721.0,10000.0,1.2,0,4,4000
722.0,10000.0,1.2,0,4,4000
723.0,10000.0,1.2,0,4,4000
724.0,10000.0,1.2,0,4,4000
725.0,10000.0,1.2,0,4,4000
726.0,10000.0,1.2,0,4,4000
727.0,10000.0,1.2,0,4,4000
728.0,10000.0,1.2,0,4,4000
729.0,10000.0,1.2,0,4,4000
730.0,10000.0,1.2,0,4,4000
731.0,10000.0,1.2,0,4,4000
732.0,10000.0,1.2,0,4,4000
733.0,10000.0,1.2,0,4,4000
734.0,10000.0,1.2,0,4,4000
735.0,10000.0,1.2,0,4,4000
736.0,10000.0,1.2,0,4,4000
737.0,10000.0,1.2,0,4,4000
738.0,10000.0,1.2,0,4,4000
739.0,10000.0,1.2,0,4,4000
740.0,10000.0,1.2,0,4,4000
741.0,10000.0,1.2,0,4,4000
742.0,10000.0,1.2,0,4,4000
743.0,10000.0,1.2,0,4,4000
744.0,10000.0,1.2,0,4,4000
745.0,10000.0,1.2,0,4,4000
746.0,10000.0,1.2,0,4,4000
747.0,10000.0,1.2,0,4,4000
748.0,10000.0,1.2,0,4,4000
749.0,10000.0,1.2,0,4,4000
750.0,10000.0,1.2,0,4,4000
751.0,10000.0,1.2,0,4,4000
752.0,10000.0,1.2,0,4,4000
753.0,10000.0,1.2,0,4,4000
754.0,10000.0,1.2,0,4,4000
755.0,10000.0,1.2,0,4,4000
756.0,10000.0,1.2,0,4,4000
757.0,10000.0,1.2,0,4,4000
758.0,10000.0,1.2,0,4,4000
759.0,10000.0,1.2,0,4,4000
760.0,10000.0,1.2,0,4,4000
761.0,10000.0,1.2,0,4,4000
762.0,10000.0,1.2,0,4,4000
763.0,10000.0,1.2,0,4,4000
764.0,10000.0,1.2,0,4,4000
765.0,10000.0,1.2,0,4,4000
766.0,10000.0,1.2,0,4,4000
767.0,10000.0,1.2,0,4,4000
768.0,10000.0,1.2,0,4,4000
769.0,10000.0,1.2,0,4,4000
770.0,10000.0,1.2,0,4,4000
771.0,10000.0,1.2,0,4,4000
772.0,10000.0,1.2,0,4,4000
773.0,10000.0,1.2,0,4,4000
774.0,10000.0,1.2,0,4,4000
775.0,10000.0,1.2,0,4,4000
776.0,10000.0,1.2,0,4,4000
777.0,10000.0,1.2,0,4,4000
778.0,10000.0,1.2,0,4,4000
779.0,10000.0,1.2,0,4,4000
780.0,10000.0,1.2,0,4,4000
781.0,10000.0,1.2,0,4,4000
782.0,10000.0,1.2,0,4,4000
783.0,10000.0,1.2,0,4,4000
784.0,10000.0,1.2,0,4,4000
785.0,10000.0,1.2,0,4,4000
786.0,10000.0,1.2,0,4,4000
787.0,10000.0,1.2,0,4,4000
788.0,10000.0,1.2,0,4,4000
789.0,10000.0,1.2,0,4,4000
790.0,10000.0,1.2,0,4,4000
791.0,10000.0,1.2,0,4,4000
792.0,10000.0,1.2,0,4,4000
793.0,10000.0,1.2,0,4,4000
794.0,10000.0,1.2,0,4,4000
795.0,10000.0,1.2,0,4,4000
796.0,10000.0,1.2,0,4,4000
797.0,10000.0,1.2,0,4,4000
798.0,10000.0,1.2,0,4,4000
799.0,10000.0,1.2,0,4,4000
800.0,10000.0,1.2,0,4,4000
801.0,10000.0,1.2,0,4,4000
802.0,10000.0,1.2,0,4,4000
803.0,10000.0,1.2,0,4,4000
804.0,10000.0,1.2,0,4,4000
805.0,10000.0,1.2,0,4,4000
806.0,10000.0,1.2,0,4,4000
807.0,10000.0,1.2,0,4,4000
808.0,10000.0,1.2,0,4,4000
809.0,10000.0,1.2,0,4,4000
810.0,10000.0,1.2,0,4,4000
811.0,10000.0,1.2,0,4,4000
812.0,10000.0,1.2,0,4,4000
813.0,10000.0,1.2,0,4,4000
814.0,10000.0,1.2,0,4,4000
815.0,10000.0,1.2,0,4,4000
816.0,10000.0,1.2,0,4,4000
817.0,10000.0,1.2,0,4,4000
818.0,10000.0,1.2,0,4,4000
819.0,10000.0,1.2,0,4,4000
820.0,10000.0,1.2,0,4,4000
821.0,10000.0,1.2,0,4,4000
822.0,10000.0,1.2,0,4,4000
823.0,10000.0,1.2,0,4,4000
824.0,10000.0,1.2,0,4,4000
825.0,10000.0,1.2,0,4,4000
826.0,10000.0,1.2,0,4,4000
827.0,10000.0,1.2,0,4,4000
828.0,10000.0,1.2,0,4,4000
829.0,10000.0,1.2,0,4,4000
830.0,10000.0,1.2,0,4,4000
831.0,10000.0,1.2,0,4,4000
832.0,10000.0,1.2,0,4,4000
833.0,10000.0,1.2,0,4,4000
834.0,10000.0,1.2,0,4,4000
835.0,10000.0,1.2,0,4,4000
836.0,10000.0,1.2,0,4,4000
837.0,10000.0,1.2,0,4,4000
838.0,10000.0,1.2,0,4,4000
839.0,10000.0,1.2,0,4,4000
840.0,10000.0,1.2,0,4,4000
841.0,10000.0,1.2,0,4,4000
842.0,10000.0,1.2,0,4,4000
843.0,10000.0,1.2,0,4,4000
844.0,10000.0,1.2,0,4,4000
845.0,10000.0,1.2,0,4,4000
846.0,10000.0,1.2,0,4,4000
847.0,10000.0,1.2,0,4,4000
848.0,10000.0,1.2,0,4,4000
849.0,10000.0,1.2,0,4,4000
850.0,10000.0,1.2,0,4,4000
851.0,10000.0,1.2,0,4,4000
852.0,10000.0,1.2,0,4,4000
853.0,10000.0,1.2,0,4,4000
854.0,10000.0,1.2,0,4,4000
855.0,10000.0,1.2,0,4,4000
856.0,10000.0,1.2,0,4,4000
857.0,10000.0,1.2,0,4,4000
858.0,10000.0,1.2,0,4,4000
859.0,10000.0,1.2,0,4,4000
860.0,10000.0,1.2,0,4,4000
861.0,10000.0,1.2,0,4,4000
862.0,10000.0,1.2,0,4,4000
863.0,10000.0,1.2,0,4,4000
864.0,10000.0,1.2,0,4,4000
865.0,10000.0,1.2,0,4,4000
866.0,10000.0,1.2,0,4,4000
867.0,10000.0,1.2,0,4,4000
868.0,10000.0,1.2,0,4,4000
869.0,10000.0,1.2,0,4,4000
870.0,10000.0,1.2,0,4,4000
871.0,10000.0,1.2,0,4,4000
872.0,10000.0,1.2,0,4,4000
873.0,10000.0,1.2,0,4,4000
874.0,10000.0,1.2,0,4,4000
875.0,10000.0,1.2,0,4,4000
876.0,10000.0,1.2,0,4,4000
877.0,10000.0,1.2,0,4,4000
878.0,10000.0,1.2,0,4,4000
879.0,10000.0,1.2,0,4,4000
880.0,10000.0,1.2,0,4,4000
881.0,10000.0,1.2,0,4,4000
882.0,10000.0,1.2,0,4,4000
883.0,10000.0,1.2,0,4,4000
884.0,10000.0,1.2,0,4,4000
885.0,10000.0,1.2,0,4,4000
886.0,10000.0,1.2,0,4,4000
887.0,10000.0,1.2,0,4,4000
888.0,10000.0,1.2,0,4,4000
889.0,10000.0,1.2,0,4,4000
890.0,10000.0,1.2,0,4,4000
891.0,10000.0,1.2,0,4,4000
892.0,10000.0,1.2,0,4,4000
893.0,10000.0,1.2,0,4,4000
894.0,10000.0,1.2,0,4,4000
895.0,10000.0,1.2,0,4,4000
896.0,10000.0,1.2,0,4,4000
897.0,10000.0,1.2,0,4,4000
898.0,10000.0,1.2,0,4,4000
899.0,10000.0,1.2,0,4,4000
900.0,10000.0,1.2,0,4,4000
901.0,10000.0,1.2,0,4,4000
902.0,10000.0,1.2,0,4,4000
903.0,10000.0,1.2,0,4,4000
904.0,10000.0,1.2,0,4,4000
905.0,10000.0,1.2,0,4,4000
906.0,10000.0,1.2,0,4,4000
907.0,10000.0,1.2,0,4,4000
908.0,10000.0,1.2,0,4,4000
909.0,10000.0,1.2,0,4,4000
910.0,10000.0,1.2,0,4,4000
911.0,10000.0,1.2,0,4,4000
912.0,10000.0,1.2,0,4,4000
913.0,10000.0,1.2,0,4,4000
914.0,10000.0,1.2,0,4,4000
915.0,10000.0,1.2,0,4,4000
916.0,10000.0,1.2,0,4,4000
917.0,10000.0,1.2,0,4,4000
918.0,10000.0,1.2,0,4,4000
919.0,10000.0,1.2,0,4,4000
920.0,10000.0,1.2,0,4,4000
921.0,10000.0,1.2,0,4,4000
922.0,10000.0,1.2,0,4,4000
923.0,10000.0,1.2,0,4,4000
924.0,10000.0,1.2,0,4,4000
925.0,10000.0,1.2,0,4,4000
926.0,10000.0,1.2,0,4,4000
927.0,10000.0,1.2,0,4,4000
928.0,10000.0,1.2,0,4,4000
929.0,10000.0,1.2,0,4,4000
930.0,10000.0,1.2,0,4,4000
931.0,10000.0,1.2,0,4,4000
932.0,10000.0,1.2,0,4,4000
933.0,10000.0,1.2,0,4,4000
934.0,10000.0,1.2,0,4,4000
935.0,10000.0,1.2,0,4,4000
936.0,10000.0,1.2,0,4,4000
937.0,10000.0,1.2,0,4,4000
938.0,10000.0,1.2,0,4,4000
939.0,10000.0,1.2,0,4,4000
940.0,10000.0,1.2,0,4,4000
941.0,10000.0,1.2,0,4,4000
942.0,10000.0,1.2,0,4,4000
943.0,10000.0,1.2,0,4,4000
944.0,10000.0,1.2,0,4,4000
945.0,10000.0,1.2,0,4,4000
946.0,10000.0,1.2,0,4,4000
947.0,10000.0,1.2,0,4,4000
948.0,10000.0,1.2,0,4,4000
949.0,10000.0,1.2,0,4,4000
950.0,10000.0,1.2,0,4,4000
951.0,10000.0,1.2,0,4,4000
952.0,10000.0,1.2,0,4,4000
953.0,10000.0,1.2,0,4,4000
954.0,10000.0,1.2,0,4,4000
955.0,10000.0,1.2,0,4,4000
956.0,10000.0,1.2,0,4,4000
957.0,10000.0,1.2,0,4,4000
958.0,10000.0,1.2,0,4,4000
959.0,10000.0,1.2,0,4,4000
960.0,10000.0,1.2,0,4,4000
961.0,10000.0,1.2,0,4,4000
962.0,10000.0,1.2,0,4,4000
963.0,10000.0,1.2,0,4,4000
964.0,10000.0,1.2,0,4,4000
965.0,10000.0,1.2,0,4,4000
966.0,10000.0,1.2,0,4,4000
967.0,10000.0,1.2,0,4,4000
968.0,10000.0,1.2,0,4,4000
969.0,10000.0,1.2,0,4,4000
970.0,10000.0,1.2,0,4,4000
971.0,10000.0,1.2,0,4,4000
972.0,10000.0,1.2,0,4,4000
973.0,10000.0,1.2,0,4,4000
974.0,10000.0,1.2,0,4,4000
975.0,10000.0,1.2,0,4,4000
976.0,10000.0,1.2,0,4,4000
977.0,10000.0,1.2,0,4,4000
978.0,10000.0,1.2,0,4,4000
979.0,10000.0,1.2,0,4,4000
980.0,10000.0,1.2,0,4,4000
981.0,10000.0,1.2,0,4,4000
982.0,10000.0,1.2,0,4,4000
983.0,10000.0,1.2,0,4,4000
984.0,10000.0,1.2,0,4,4000
985.0,10000.0,1.2,0,4,4000
986.0,10000.0,1.2,0,4,4000
987.0,10000.0,1.2,0,4,4000
988.0,10000.0,1.2,0,4,4000
989.0,10000.0,1.2,0,4,4000
990.0,10000.0,1.2,0,4,4000
991.0,10000.0,1.2,0,4,4000
992.0,10000.0,1.2,0,4,4000
993.0,10000.0,1.2,0,4,4000
994.0,10000.0,1.2,0,4,4000
995.0,10000.0,1.2,0,4,4000
996.0,10000.0,1.2,0,4,4000
997.0,10000.0,1.2,0,4,4000
998.0,10000.0,1.2,0,4,4000
999.0,10000.0,1.2,0,4,4000
1000.0,10000.0,1.2,0,4,4000
1001.0,10000.0,1.2,0,4,4000
1002.0,10000.0,1.2,0,4,4000
1003.0,10000.0,1.2,0,4,4000
1004.0,10000.0,1.2,0,4,4000
1005.0,10000.0,1.2,0,4,4000
1006.0,10000.0,1.2,0,4,4000
1007.0,10000.0,1.2,0,4,4000
1008.0,10000.0,1.2,0,4,4000
1009.0,10000.0,1.2,0,4,4000
1010.0,10000.0,1.2,0,4,4000
1011.0,10000.0,1.2,0,4,4000
1012.0,10000.0,1.2,0,4,4000
1013.0,10000.0,1.2,0,4,4000
1014.0,10000.0,1.2,0,4,4000
1015.0,10000.0,1.2,0,4,4000
1016.0,10000.0,1.2,0,4,4000
1017.0,10000.0,1.2,0,4,4000
1018.0,10000.0,1.2,0,4,4000
1019.0,10000.0,1.2,0,4,4000
1020.0,10000.0,1.2,0,4,4000
1021.0,10000.0,1.2,0,4,4000
1022.0,10000.0,1.2,0,4,4000
1023.0,10000.0,1.2,0,4,4000
1024.0,10000.0,1.2,0,4,4000
1025.0,10000.0,1.2,0,4,4000
1026.0,10000.0,1.2,0,4,4000
1027.0,10000.0,1.2,0,4,4000
1028.0,10000.0,1.2,0,4,4000
1029.0,10000.0,1.2,0,4,4000
1030.0,10000.0,1.2,0,4,4000
1031.0,10000.0,1.2,0,4,4000
1032.0,10000.0,1.2,0,4,4000
1033.0,10000.0,1.2,0,4,4000
1034.0,10000.0,1.2,0,4,4000
1035.0,10000.0,1.2,0,4,4000
1036.0,10000.0,1.2,0,4,4000
1037.0,10000.0,1.2,0,4,4000
1038.0,10000.0,1.2,0,4,4000
1039.0,10000.0,1.2,0,4,4000
1040.0,10000.0,1.2,0,4,4000
1041.0,10000.0,1.2,0,4,4000
1042.0,10000.0,1.2,0,4,4000
1043.0,10000.0,1.2,0,4,4000
1044.0,10000.0,1.2,0,4,4000
1045.0,10000.0,1.2,0,4,4000
1046.0,10000.0,1.2,0,4,4000
1047.0,10000.0,1.2,0,4,4000
1048.0,10000.0,1.2,0,4,4000
1049.0,10000.0,1.2,0,4,4000
1050.0,10000.0,1.2,0,4,4000
1051.0,10000.0,1.2,0,4,4000
1052.0,10000.0,1.2,0,4,4000
1053.0,10000.0,1.2,0,4,4000
1054.0,10000.0,1.2,0,4,4000
1055.0,10000.0,1.2,0,4,4000
1056.0,10000.0,1.2,0,4,4000
1057.0,10000.0,1.2,0,4,4000
1058.0,10000.0,1.2,0,4,4000
1059.0,10000.0,1.2,0,4,4000
1060.0,10000.0,1.2,0,4,4000
1061.0,10000.0,1.2,0,4,4000
1062.0,10000.0,1.2,0,4,4000
1063.0,10000.0,1.2,0,4,4000
1064.0,10000.0,1.2,0,4,4000
1065.0,10000.0,1.2,0,4,4000
1066.0,10000.0,1.2,0,4,4000
1067.0,10000.0,1.2,0,4,4000
1068.0,10000.0,1.2,0,4,4000
1069.0,10000.0,1.2,0,4,4000
1070.0,10000.0,1.2,0,4,4000
1071.0,10000.0,1.2,0,4,4000
1072.0,10000.0,1.2,0,4,4000
1073.0,10000.0,1.2,0,4,4000
1074.0,10000.0,1.2,0,4,4000
1075.0,10000.0,1.2,0,4,4000
1076.0,10000.0,1.2,0,4,4000
1077.0,10000.0,1.2,0,4,4000
1078.0,10000.0,1.2,0,4,4000
1079.0,10000.0,1.2,0,4,4000
1080.0,10000.0,1.2,0,4,4000
1081.0,10000.0,1.2,0,4,4000
1082.0,10000.0,1.2,0,4,4000
1083.0,10000.0,1.2,0,4,4000
1084.0,10000.0,1.2,0,4,4000
1085.0,10000.0,1.2,0,4,4000
1086.0,10000.0,1.2,0,4,4000
1087.0,10000.0,1.2,0,4,4000
1088.0,10000.0,1.2,0,4,4000
1089.0,10000.0,1.2,0,4,4000
1090.0,10000.0,1.2,0,4,4000
1091.0,10000.0,1.2,0,4,4000
1092.0,10000.0,1.2,0,4,4000
1093.0,10000.0,1.2,0,4,4000
1094.0,10000.0,1.2,0,4,4000
1095.0,10000.0,1.2,0,4,4000
1096.0,10000.0,1.2,0,4,4000
1097.0,10000.0,1.2,0,4,4000
1098.0,10000.0,1.2,0,4,4000
1099.0,10000.0,1.2,0,4,4000
1100.0,10000.0,1.2,0,4,4000
1101.0,10000.0,1.2,0,4,4000
1102.0,10000.0,1.2,0,4,4000
1103.0,10000.0,1.2,0,4,4000
1104.0,10000.0,1.2,0,4,4000
1105.0,10000.0,1.2,0,4,4000
1106.0,10000.0,1.2,0,4,4000
1107.0,10000.0,1.2,0,4,4000
1108.0,10000.0,1.2,0,4,4000
1109.0,10000.0,1.2,0,4,4000
1110.0,10000.0,1.2,0,4,4000
1111.0,10000.0,1.2,0,4,4000
1112.0,10000.0,1.2,0,4,4000
1113.0,10000.0,1.2,0,4,4000
1114.0,10000.0,1.2,0,4,4000
1115.0,10000.0,1.2,0,4,4000
1116.0,10000.0,1.2,0,4,4000
1117.0,10000.0,1.2,0,4,4000
1118.0,10000.0,1.2,0,4,4000
1119.0,10000.0,1.2,0,4,4000
1120.0,10000.0,1.2,0,4,4000
1121.0,10000.0,1.2,0,4,4000
1122.0,10000.0,1.2,0,4,4000
1123.0,10000.0,1.2,0,4,4000
1124.0,10000.0,1.2,0,4,4000
1125.0,10000.0,1.2,0,4,4000
1126.0,10000.0,1.2,0,4,4000
1127.0,10000.0,1.2,0,4,4000
1128.0,10000.0,1.2,0,4,4000
1129.0,10000.0,1.2,0,4,4000
1130.0,10000.0,1.2,0,4,4000
1131.0,10000.0,1.2,0,4,4000
1132.0,10000.0,1.2,0,4,4000
1133.0,10000.0,1.2,0,4,4000
1134.0,10000.0,1.2,0,4,4000
1135.0,10000.0,1.2,0,4,4000
1136.0,10000.0,1.2,0,4,4000
1137.0,10000.0,1.2,0,4,4000
1138.0,10000.0,1.2,0,4,4000
1139.0,10000.0,1.2,0,4,4000
1140.0,10000.0,1.2,0,4,4000
1141.0,10000.0,1.2,0,4,4000
1142.0,10000.0,1.2,0,4,4000
1143.0,10000.0,1.2,0,4,4000
1144.0,10000.0,1.2,0,4,4000
1145.0,10000.0,1.2,0,4,4000
1146.0,10000.0,1.2,0,4,4000
1147.0,10000.0,1.2,0,4,4000
1148.0,10000.0,1.2,0,4,4000
1149.0,10000.0,1.2,0,4,4000
1150.0,10000.0,1.2,0,4,4000
1151.0,10000.0,1.2,0,4,4000
1152.0,10000.0,1.2,0,4,4000
1153.0,10000.0,1.2,0,4,4000
1154.0,10000.0,1.2,0,4,4000
1155.0,10000.0,1.2,0,4,4000
1156.0,10000.0,1.2,0,4,4000
1157.0,10000.0,1.2,0,4,4000
1158.0,10000.0,1.2,0,4,4000
1159.0,10000.0,1.2,0,4,4000
1160.0,10000.0,1.2,0,4,4000
1161.0,10000.0,1.2,0,4,4000
1162.0,10000.0,1.2,0,4,4000
1163.0,10000.0,1.2,0,4,4000
1164.0,10000.0,1.2,0,4,4000
1165.0,10000.0,1.2,0,4,4000
1166.0,10000.0,1.2,0,4,4000
1167.0,10000.0,1.2,0,4,4000
1168.0,10000.0,1.2,0,4,4000
1169.0,10000.0,1.2,0,4,4000
1170.0,10000.0,1.2,0,4,4000
1171.0,10000.0,1.2,0,4,4000
1172.0,10000.0,1.2,0,4,4000
1173.0,10000.0,1.2,0,4,4000
1174.0,10000.0,1.2,0,4,4000
1175.0,10000.0,1.2,0,4,4000
1176.0,10000.0,1.2,0,4,4000
1177.0,10000.0,1.2,0,4,4000
1178.0,10000.0,1.2,0,4,4000
1179.0,10000.0,1.2,0,4,4000
1180.0,10000.0,1.2,0,4,4000
1181.0,10000.0,1.2,0,4,4000
1182.0,10000.0,1.2,0,4,4000
1183.0,10000.0,1.2,0,4,4000
1184.0,10000.0,1.2,0,4,4000
1185.0,10000.0,1.2,0,4,4000
1186.0,10000.0,1.2,0,4,4000
1187.0,10000.0,1.2,0,4,4000
1188.0,10000.0,1.2,0,4,4000
1189.0,10000.0,1.2,0,4,4000
1190.0,10000.0,1.2,0,4,4000
1191.0,10000.0,1.2,0,4,4000
1192.0,10000.0,1.2,0,4,4000
1193.0,10000.0,1.2,0,4,4000
1194.0,10000.0,1.2,0,4,4000
1195.0,10000.0,1.2,0,4,4000
1196.0,10000.0,1.2,0,4,4000
1197.0,10000.0,1.2,0,4,4000
1198.0,10000.0,1.2,0,4,4000
1199.0,10000.0,1.2,0,4,4000
1200.0,10000.0,1.2,0,4,4000
1201.0,10000.0,1.2,0,4,4000
1202.0,10000.0,1.2,0,4,4000
1203.0,10000.0,1.2,0,4,4000
1204.0,10000.0,1.2,0,4,4000
1205.0,10000.0,1.2,0,4,4000
1206.0,10000.0,1.2,0,4,4000
1207.0,10000.0,1.2,0,4,4000
1208.0,10000.0,1.2,0,4,4000
1209.0,10000.0,1.2,0,4,4000
1210.0,10000.0,1.2,0,4,4000
1211.0,10000.0,1.2,0,4,4000
1212.0,10000.0,1.2,0,4,4000
1213.0,10000.0,1.2,0,4,4000
1214.0,10000.0,1.2,0,4,4000
1215.0,10000.0,1.2,0,4,4000
1216.0,10000.0,1.2,0,4,4000
1217.0,10000.0,1.2,0,4,4000
1218.0,10000.0,1.2,0,4,4000
1219.0,10000.0,1.2,0,4,4000
1220.0,10000.0,1.2,0,4,4000
1221.0,10000.0,1.2,0,4,4000
1222.0,10000.0,1.2,0,4,4000
1223.0,10000.0,1.2,0,4,4000
1224.0,10000.0,1.2,0,4,4000
1225.0,10000.0,1.2,0,4,4000
1226.0,10000.0,1.2,0,4,4000
1227.0,10000.0,1.2,0,4,4000
1228.0,10000.0,1.2,0,4,4000
1229.0,10000.0,1.2,0,4,4000
1230.0,10000.0,1.2,0,4,4000
1231.0,10000.0,1.2,0,4,4000
1232.0,10000.0,1.2,0,4,4000
1233.0,10000.0,1.2,0,4,4000
1234.0,10000.0,1.2,0,4,4000
1235.0,10000.0,1.2,0,4,4000
1236.0,10000.0,1.2,0,4,4000
1237.0,10000.0,1.2,0,4,4000
1238.0,10000.0,1.2,0,4,4000
1239.0,10000.0,1.2,0,4,4000
1240.0,10000.0,1.2,0,4,4000
1241.0,10000.0,1.2,0,4,4000
1242.0,10000.0,1.2,0,4,4000
1243.0,10000.0,1.2,0,4,4000
1244.0,10000.0,1.2,0,4,4000
1245.0,10000.0,1.2,0,4,4000
1246.0,10000.0,1.2,0,4,4000
1247.0,10000.0,1.2,0,4,4000
1248.0,10000.0,1.2,0,4,4000
1249.0,10000.0,1.2,0,4,4000
1250.0,10000.0,1.2,0,4,4000
1251.0,10000.0,1.2,0,4,4000
1252.0,10000.0,1.2,0,4,4000
1253.0,10000.0,1.2,0,4,4000
1254.0,10000.0,1.2,0,4,4000
1255.0,10000.0,1.2,0,4,4000
1256.0,10000.0,1.2,0,4,4000
1257.0,10000.0,1.2,0,4,4000
1258.0,10000.0,1.2,0,4,4000
1259.0,10000.0,1.2,0,4,4000
1260.0,10000.0,1.2,0,4,4000
1261.0,10000.0,1.2,0,4,4000
1262.0,10000.0,1.2,0,4,4000
1263.0,10000.0,1.2,0,4,4000
1264.0,10000.0,1.2,0,4,4000
1265.0,10000.0,1.2,0,4,4000
1266.0,10000.0,1.2,0,4,4000
1267.0,10000.0,1.2,0,4,4000
1268.0,10000.0,1.2,0,4,4000
1269.0,10000.0,1.2,0,4,4000
1270.0,10000.0,1.2,0,4,4000
1271.0,10000.0,1.2,0,4,4000
1272.0,10000.0,1.2,0,4,4000
1273.0,10000.0,1.2,0,4,4000
1274.0,10000.0,1.2,0,4,4000
1275.0,10000.0,1.2,0,4,4000
1276.0,10000.0,1.2,0,4,4000
1277.0,10000.0,1.2,0,4,4000
1278.0,10000.0,1.2,0,4,4000
1279.0,10000.0,1.2,0,4,4000
1280.0,10000.0,1.2,0,4,4000
1281.0,10000.0,1.2,0,4,4000
1282.0,10000.0,1.2,0,4,4000
1283.0,10000.0,1.2,0,4,4000
1284.0,10000.0,1.2,0,4,4000
1285.0,10000.0,1.2,0,4,4000
1286.0,10000.0,1.2,0,4,4000
1287.0,10000.0,1.2,0,4,4000
1288.0,10000.0,1.2,0,4,4000
1289.0,10000.0,1.2,0,4,4000
1290.0,10000.0,1.2,0,4,4000
1291.0,10000.0,1.2,0,4,4000
1292.0,10000.0,1.2,0,4,4000
1293.0,10000.0,1.2,0,4,4000
1294.0,10000.0,1.2,0,4,4000
1295.0,10000.0,1.2,0,4,4000
1296.0,10000.0,1.2,0,4,4000
1297.0,10000.0,1.2,0,4,4000
1298.0,10000.0,1.2,0,4,4000
1299.0,10000.0,1.2,0,4,4000
1300.0,10000.0,1.2,0,4,4000
1301.0,10000.0,1.2,0,4,4000
1302.0,10000.0,1.2,0,4,4000
1303.0,10000.0,1.2,0,4,4000
1304.0,10000.0,1.2,0,4,4000
1305.0,10000.0,1.2,0,4,4000
1306.0,10000.0,1.2,0,4,4000
1307.0,10000.0,1.2,0,4,4000
1308.0,10000.0,1.2,0,4,4000
1309.0,10000.0,1.2,0,4,4000
1310.0,10000.0,1.2,0,4,4000
1311.0,10000.0,1.2,0,4,4000
1312.0,10000.0,1.2,0,4,4000
1313.0,10000.0,1.2,0,4,4000
1314.0,10000.0,1.2,0,4,4000
1315.0,10000.0,1.2,0,4,4000
1316.0,10000.0,1.2,0,4,4000
1317.0,10000.0,1.2,0,4,4000
1318.0,10000.0,1.2,0,4,4000
1319.0,10000.0,1.2,0,4,4000
1320.0,10000.0,1.2,0,4,4000
1321.0,10000.0,1.2,0,4,4000
1322.0,10000.0,1.2,0,4,4000
1323.0,10000.0,1.2,0,4,4000
1324.0,10000.0,1.2,0,4,4000
1325.0,10000.0,1.2,0,4,4000
1326.0,10000.0,1.2,0,4,4000
1327.0,10000.0,1.2,0,4,4000
1328.0,10000.0,1.2,0,4,4000
1329.0,10000.0,1.2,0,4,4000
1330.0,10000.0,1.2,0,4,4000
1331.0,10000.0,1.2,0,4,4000
1332.0,10000.0,1.2,0,4,4000
1333.0,10000.0,1.2,0,4,4000
1334.0,10000.0,1.2,0,4,4000
1335.0,10000.0,1.2,0,4,4000
1336.0,10000.0,1.2,0,4,4000
1337.0,10000.0,1.2,0,4,4000
1338.0,10000.0,1.2,0,4,4000
1339.0,10000.0,1.2,0,4,4000
1340.0,10000.0,1.2,0,4,4000
1341.0,10000.0,1.2,0,4,4000
1342.0,10000.0,1.2,0,4,4000
1343.0,10000.0,1.2,0,4,4000
1344.0,10000.0,1.2,0,4,4000
1345.0,10000.0,1.2,0,4,4000
1346.0,10000.0,1.2,0,4,4000
1347.0,10000.0,1.2,0,4,4000
1348.0,10000.0,1.2,0,4,4000
1349.0,10000.0,1.2,0,4,4000
1350.0,10000.0,1.2,0,4,4000
1351.0,10000.0,1.2,0,4,4000
1352.0,10000.0,1.2,0,4,4000
1353.0,10000.0,1.2,0,4,4000
1354.0,10000.0,1.2,0,4,4000
1355.0,10000.0,1.2,0,4,4000
1356.0,10000.0,1.2,0,4,4000
1357.0,10000.0,1.2,0,4,4000
1358.0,10000.0,1.2,0,4,4000
1359.0,10000.0,1.2,0,4,4000
1360.0,10000.0,1.2,0,4,4000
1361.0,10000.0,1.2,0,4,4000
1362.0,10000.0,1.2,0,4,4000
1363.0,10000.0,1.2,0,4,4000
1364.0,10000.0,1.2,0,4,4000
1365.0,10000.0,1.2,0,4,4000
1366.0,10000.0,1.2,0,4,4000
1367.0,10000.0,1.2,0,4,4000
1368.0,10000.0,1.2,0,4,4000
1369.0,10000.0,1.2,0,4,4000
1370.0,10000.0,1.2,0,4,4000
1371.0,10000.0,1.2,0,4,4000
1372.0,10000.0,1.2,0,4,4000
1373.0,10000.0,1.2,0,4,4000
1374.0,10000.0,1.2,0,4,4000
1375.0,10000.0,1.2,0,4,4000
1376.0,10000.0,1.2,0,4,4000
1377.0,10000.0,1.2,0,4,4000
1378.0,10000.0,1.2,0,4,4000
1379.0,10000.0,1.2,0,4,4000
1380.0,10000.0,1.2,0,4,4000
1381.0,10000.0,1.2,0,4,4000
1382.0,10000.0,1.2,0,4,4000
1383.0,10000.0,1.2,0,4,4000
1384.0,10000.0,1.2,0,4,4000
1385.0,10000.0,1.2,0,4,4000
1386.0,10000.0,1.2,0,4,4000
1387.0,10000.0,1.2,0,4,4000
1388.0,10000.0,1.2,0,4,4000
1389.0,10000.0,1.2,0,4,4000
1390.0,10000.0,1.2,0,4,4000
1391.0,10000.0,1.2,0,4,4000
1392.0,10000.0,1.2,0,4,4000
1393.0,10000.0,1.2,0,4,4000
1394.0,10000.0,1.2,0,4,4000
1395.0,10000.0,1.2,0,4,4000
1396.0,10000.0,1.2,0,4,4000
1397.0,10000.0,1.2,0,4,4000
1398.0,10000.0,1.2,0,4,4000
1399.0,10000.0,1.2,0,4,4000
1400.0,10000.0,1.2,0,4,4000
1401.0,10000.0,1.2,0,4,4000
1402.0,10000.0,1.2,0,4,4000
1403.0,10000.0,1.2,0,4,4000
1404.0,10000.0,1.2,0,4,4000
1405.0,10000.0,1.2,0,4,4000
1406.0,10000.0,1.2,0,4,4000
1407.0,10000.0,1.2,0,4,4000
1408.0,10000.0,1.2,0,4,4000
1409.0,10000.0,1.2,0,4,4000
1410.0,10000.0,1.2,0,4,4000
1411.0,10000.0,1.2,0,4,4000
1412.0,10000.0,1.2,0,4,4000
1413.0,10000.0,1.2,0,4,4000
1414.0,10000.0,1.2,0,4,4000
1415.0,10000.0,1.2,0,4,4000
1416.0,10000.0,1.2,0,4,4000
1417.0,10000.0,1.2,0,4,4000
1418.0,10000.0,1.2,0,4,4000
1419.0,10000.0,1.2,0,4,4000
1420.0,10000.0,1.2,0,4,4000
1421.0,10000.0,1.2,0,4,4000
1422.0,10000.0,1.2,0,4,4000
1423.0,10000.0,1.2,0,4,4000
1424.0,10000.0,1.2,0,4,4000
1425.0,10000.0,1.2,0,4,4000
1426.0,10000.0,1.2,0,4,4000
1427.0,10000.0,1.2,0,4,4000
1428.0,10000.0,1.2,0,4,4000
1429.0,10000.0,1.2,0,4,4000
1430.0,10000.0,1.2,0,4,4000
1431.0,10000.0,1.2,0,4,4000
1432.0,10000.0,1.2,0,4,4000
1433.0,10000.0,1.2,0,4,4000
1434.0,10000.0,1.2,0,4,4000
1435.0,10000.0,1.2,0,4,4000
1436.0,10000.0,1.2,0,4,4000
1437.0,10000.0,1.2,0,4,4000
1438.0,10000.0,1.2,0,4,4000
1439.0,10000.0,1.2,0,4,4000
1440.0,10000.0,1.2,0,4,4000
1441.0,10000.0,1.2,0,4,4000
1442.0,10000.0,1.2,0,4,4000
1443.0,10000.0,1.2,0,4,4000
1444.0,10000.0,1.2,0,4,4000
1445.0,10000.0,1.2,0,4,4000
1446.0,10000.0,1.2,0,4,4000
1447.0,10000.0,1.2,0,4,4000
1448.0,10000.0,1.2,0,4,4000
1449.0,10000.0,1.2,0,4,4000
1450.0,10000.0,1.2,0,4,4000
1451.0,10000.0,1.2,0,4,4000
1452.0,10000.0,1.2,0,4,4000
1453.0,10000.0,1.2,0,4,4000
1454.0,10000.0,1.2,0,4,4000
1455.0,10000.0,1.2,0,4,4000
1456.0,10000.0,1.2,0,4,4000
1457.0,10000.0,1.2,0,4,4000
1458.0,10000.0,1.2,0,4,4000
1459.0,10000.0,1.2,0,4,4000
1460.0,10000.0,1.2,0,4,4000
1461.0,10000.0,1.2,0,4,4000
1462.0,10000.0,1.2,0,4,4000
1463.0,10000.0,1.2,0,4,4000
1464.0,10000.0,1.2,0,4,4000
1465.0,10000.0,1.2,0,4,4000
1466.0,10000.0,1.2,0,4,4000
1467.0,10000.0,1.2,0,4,4000
1468.0,10000.0,1.2,0,4,4000
1469.0,10000.0,1.2,0,4,4000
1470.0,10000.0,1.2,0,4,4000
1471.0,10000.0,1.2,0,4,4000
1472.0,10000.0,1.2,0,4,4000
1473.0,10000.0,1.2,0,4,4000
1474.0,10000.0,1.2,0,4,4000
1475.0,10000.0,1.2,0,4,4000
1476.0,10000.0,1.2,0,4,4000
1477.0,10000.0,1.2,0,4,4000
1478.0,10000.0,1.2,0,4,4000
1479.0,10000.0,1.2,0,4,4000
1480.0,10000.0,1.2,0,4,4000
1481.0,10000.0,1.2,0,4,4000
1482.0,10000.0,1.2,0,4,4000
1483.0,10000.0,1.2,0,4,4000
1484.0,10000.0,1.2,0,4,4000
1485.0,10000.0,1.2,0,4,4000
1486.0,10000.0,1.2,0,4,4000
1487.0,10000.0,1.2,0,4,4000
1488.0,10000.0,1.2,0,4,4000
1489.0,10000.0,1.2,0,4,4000
1490.0,10000.0,1.2,0,4,4000
1491.0,10000.0,1.2,0,4,4000
1492.0,10000.0,1.2,0,4,4000
1493.0,10000.0,1.2,0,4,4000
1494.0,10000.0,1.2,0,4,4000
1495.0,10000.0,1.2,0,4,4000
1496.0,10000.0,1.2,0,4,4000
1497.0,10000.0,1.2,0,4,4000
1498.0,10000.0,1.2,0,4,4000
1499.0,10000.0,1.2,0,4,4000
1500.0,10000.0,1.2,0,4,4000
1501.0,10000.0,1.2,0,4,4000
1502.0,10000.0,1.2,0,4,4000
1503.0,10000.0,1.2,0,4,4000
1504.0,10000.0,1.2,0,4,4000
1505.0,10000.0,1.2,0,4,4000
1506.0,10000.0,1.2,0,4,4000
1507.0,10000.0,1.2,0,4,4000
1508.0,10000.0,1.2,0,4,4000
1509.0,10000.0,1.2,0,4,4000
1510.0,10000.0,1.2,0,4,4000
1511.0,10000.0,1.2,0,4,4000
1512.0,10000.0,1.2,0,4,4000
1513.0,10000.0,1.2,0,4,4000
1514.0,10000.0,1.2,0,4,4000
1515.0,10000.0,1.2,0,4,4000
1516.0,10000.0,1.2,0,4,4000
1517.0,10000.0,1.2,0,4,4000
1518.0,10000.0,1.2,0,4,4000
1519.0,10000.0,1.2,0,4,4000
1520.0,10000.0,1.2,0,4,4000
1521.0,10000.0,1.2,0,4,4000
1522.0,10000.0,1.2,0,4,4000
1523.0,10000.0,1.2,0,4,4000
1524.0,10000.0,1.2,0,4,4000
1525.0,10000.0,1.2,0,4,4000
1526.0,10000.0,1.2,0,4,4000
1527.0,10000.0,1.2,0,4,4000
1528.0,10000.0,1.2,0,4,4000
1529.0,10000.0,1.2,0,4,4000
1530.0,10000.0,1.2,0,4,4000
1531.0,10000.0,1.2,0,4,4000
1532.0,10000.0,1.2,0,4,4000
1533.0,10000.0,1.2,0,4,4000
1534.0,10000.0,1.2,0,4,4000
1535.0,10000.0,1.2,0,4,4000
1536.0,10000.0,1.2,0,4,4000
1537.0,10000.0,1.2,0,4,4000
1538.0,10000.0,1.2,0,4,4000
1539.0,10000.0,1.2,0,4,4000
1540.0,10000.0,1.2,0,4,4000
1541.0,10000.0,1.2,0,4,4000
1542.0,10000.0,1.2,0,4,4000
1543.0,10000.0,1.2,0,4,4000
1544.0,10000.0,1.2,0,4,4000
1545.0,10000.0,1.2,0,4,4000
1546.0,10000.0,1.2,0,4,4000
1547.0,10000.0,1.2,0,4,4000
1548.0,10000.0,1.2,0,4,4000
1549.0,10000.0,1.2,0,4,4000
1550.0,10000.0,1.2,0,4,4000
1551.0,10000.0,1.2,0,4,4000
1552.0,10000.0,1.2,0,4,4000
1553.0,10000.0,1.2,0,4,4000
1554.0,10000.0,1.2,0,4,4000
1555.0,10000.0,1.2,0,4,4000
1556.0,10000.0,1.2,0,4,4000
1557.0,10000.0,1.2,0,4,4000
1558.0,10000.0,1.2,0,4,4000
1559.0,10000.0,1.2,0,4,4000
1560.0,10000.0,1.2,0,4,4000
1561.0,10000.0,1.2,0,4,4000
1562.0,10000.0,1.2,0,4,4000
1563.0,10000.0,1.2,0,4,4000
1564.0,10000.0,1.2,0,4,4000
1565.0,10000.0,1.2,0,4,4000
1566.0,10000.0,1.2,0,4,4000
1567.0,10000.0,1.2,0,4,4000
1568.0,10000.0,1.2,0,4,4000
1569.0,10000.0,1.2,0,4,4000
1570.0,10000.0,1.2,0,4,4000
1571.0,10000.0,1.2,0,4,4000
1572.0,10000.0,1.2,0,4,4000
1573.0,10000.0,1.2,0,4,4000
1574.0,10000.0,1.2,0,4,4000
1575.0,10000.0,1.2,0,4,4000
1576.0,10000.0,1.2,0,4,4000
1577.0,10000.0,1.2,0,4,4000
1578.0,10000.0,1.2,0,4,4000
1579.0,10000.0,1.2,0,4,4000
1580.0,10000.0,1.2,0,4,4000
1581.0,10000.0,1.2,0,4,4000
1582.0,10000.0,1.2,0,4,4000
1583.0,10000.0,1.2,0,4,4000
1584.0,10000.0,1.2,0,4,4000
1585.0,10000.0,1.2,0,4,4000
1586.0,10000.0,1.2,0,4,4000
1587.0,10000.0,1.2,0,4,4000
1588.0,10000.0,1.2,0,4,4000
1589.0,10000.0,1.2,0,4,4000
1590.0,10000.0,1.2,0,4,4000
1591.0,10000.0,1.2,0,4,4000
1592.0,10000.0,1.2,0,4,4000
1593.0,10000.0,1.2,0,4,4000
1594.0,10000.0,1.2,0,4,4000
1595.0,10000.0,1.2,0,4,4000
1596.0,10000.0,1.2,0,4,4000
1597.0,10000.0,1.2,0,4,4000
1598.0,10000.0,1.2,0,4,4000
1599.0,10000.0,1.2,0,4,4000
1600.0,10000.0,1.2,0,4,4000
1601.0,10000.0,1.2,0,4,4000
1602.0,10000.0,1.2,0,4,4000
1603.0,10000.0,1.2,0,4,4000
1604.0,10000.0,1.2,0,4,4000
1605.0,10000.0,1.2,0,4,4000
1606.0,10000.0,1.2,0,4,4000
1607.0,10000.0,1.2,0,4,4000
1608.0,10000.0,1.2,0,4,4000
1609.0,10000.0,1.2,0,4,4000
1610.0,10000.0,1.2,0,4,4000
1611.0,10000.0,1.2,0,4,4000
1612.0,10000.0,1.2,0,4,4000
1613.0,10000.0,1.2,0,4,4000
1614.0,10000.0,1.2,0,4,4000
1615.0,10000.0,1.2,0,4,4000
1616.0,10000.0,1.2,0,4,4000
1617.0,10000.0,1.2,0,4,4000
1618.0,10000.0,1.2,0,4,4000
1619.0,10000.0,1.2,0,4,4000
1620.0,10000.0,1.2,0,4,4000
1621.0,10000.0,1.2,0,4,4000
1622.0,10000.0,1.2,0,4,4000
1623.0,10000.0,1.2,0,4,4000
1624.0,10000.0,1.2,0,4,4000
1625.0,10000.0,1.2,0,4,4000
1626.0,10000.0,1.2,0,4,4000
1627.0,10000.0,1.2,0,4,4000
1628.0,10000.0,1.2,0,4,4000
1629.0,10000.0,1.2,0,4,4000
1630.0,10000.0,1.2,0,4,4000
1631.0,10000.0,1.2,0,4,4000
1632.0,10000.0,1.2,0,4,4000
1633.0,10000.0,1.2,0,4,4000
1634.0,10000.0,1.2,0,4,4000
1635.0,10000.0,1.2,0,4,4000
1636.0,10000.0,1.2,0,4,4000
1637.0,10000.0,1.2,0,4,4000
1638.0,10000.0,1.2,0,4,4000
1639.0,10000.0,1.2,0,4,4000
1640.0,10000.0,1.2,0,4,4000
1641.0,10000.0,1.2,0,4,4000
1642.0,10000.0,1.2,0,4,4000
1643.0,10000.0,1.2,0,4,4000
1644.0,10000.0,1.2,0,4,4000
1645.0,10000.0,1.2,0,4,4000
1646.0,10000.0,1.2,0,4,4000
1647.0,10000.0,1.2,0,4,4000
1648.0,10000.0,1.2,0,4,4000
1649.0,10000.0,1.2,0,4,4000
1650.0,10000.0,1.2,0,4,4000
1651.0,10000.0,1.2,0,4,4000
1652.0,10000.0,1.2,0,4,4000
1653.0,10000.0,1.2,0,4,4000
1654.0,10000.0,1.2,0,4,4000
1655.0,10000.0,1.2,0,4,4000
1656.0,10000.0,1.2,0,4,4000
1657.0,10000.0,1.2,0,4,4000
1658.0,10000.0,1.2,0,4,4000
1659.0,10000.0,1.2,0,4,4000
1660.0,10000.0,1.2,0,4,4000
1661.0,10000.0,1.2,0,4,4000
1662.0,10000.0,1.2,0,4,4000
1663.0,10000.0,1.2,0,4,4000
1664.0,10000.0,1.2,0,4,4000
1665.0,10000.0,1.2,0,4,4000
1666.0,10000.0,1.2,0,4,4000
1667.0,10000.0,1.2,0,4,4000
1668.0,10000.0,1.2,0,4,4000
1669.0,10000.0,1.2,0,4,4000
1670.0,10000.0,1.2,0,4,4000
1671.0,10000.0,1.2,0,4,4000
1672.0,10000.0,1.2,0,4,4000
1673.0,10000.0,1.2,0,4,4000
1674.0,10000.0,1.2,0,4,4000
1675.0,10000.0,1.2,0,4,4000
1676.0,10000.0,1.2,0,4,4000
1677.0,10000.0,1.2,0,4,4000
1678.0,10000.0,1.2,0,4,4000
1679.0,10000.0,1.2,0,4,4000
1680.0,10000.0,1.2,0,4,4000
1681.0,10000.0,1.2,0,4,4000
1682.0,10000.0,1.2,0,4,4000
1683.0,10000.0,1.2,0,4,4000
1684.0,10000.0,1.2,0,4,4000
1685.0,10000.0,1.2,0,4,4000
1686.0,10000.0,1.2,0,4,4000
1687.0,10000.0,1.2,0,4,4000
1688.0,10000.0,1.2,0,4,4000
1689.0,10000.0,1.2,0,4,4000
1690.0,10000.0,1.2,0,4,4000
1691.0,10000.0,1.2,0,4,4000
1692.0,10000.0,1.2,0,4,4000
1693.0,10000.0,1.2,0,4,4000
1694.0,10000.0,1.2,0,4,4000
1695.0,10000.0,1.2,0,4,4000
1696.0,10000.0,1.2,0,4,4000
1697.0,10000.0,1.2,0,4,4000
1698.0,10000.0,1.2,0,4,4000
1699.0,10000.0,1.2,0,4,4000
1700.0,10000.0,1.2,0,4,4000
1701.0,10000.0,1.2,0,4,4000
1702.0,10000.0,1.2,0,4,4000
1703.0,10000.0,1.2,0,4,4000
1704.0,10000.0,1.2,0,4,4000
1705.0,10000.0,1.2,0,4,4000
1706.0,10000.0,1.2,0,4,4000
1707.0,10000.0,1.2,0,4,4000
1708.0,10000.0,1.2,0,4,4000
1709.0,10000.0,1.2,0,4,4000
1710.0,10000.0,1.2,0,4,4000
1711.0,10000.0,1.2,0,4,4000
1712.0,10000.0,1.2,0,4,4000
1713.0,10000.0,1.2,0,4,4000
1714.0,10000.0,1.2,0,4,4000
1715.0,10000.0,1.2,0,4,4000
1716.0,10000.0,1.2,0,4,4000
1717.0,10000.0,1.2,0,4,4000
1718.0,10000.0,1.2,0,4,4000
1719.0,10000.0,1.2,0,4,4000
1720.0,10000.0,1.2,0,4,4000
1721.0,10000.0,1.2,0,4,4000
1722.0,10000.0,1.2,0,4,4000
1723.0,10000.0,1.2,0,4,4000
1724.0,10000.0,1.2,0,4,4000
1725.0,10000.0,1.2,0,4,4000
1726.0,10000.0,1.2,0,4,4000
1727.0,10000.0,1.2,0,4,4000
1728.0,10000.0,1.2,0,4,4000
1729.0,10000.0,1.2,0,4,4000
1730.0,10000.0,1.2,0,4,4000
1731.0,10000.0,1.2,0,4,4000
1732.0,10000.0,1.2,0,4,4000
1733.0,10000.0,1.2,0,4,4000
1734.0,10000.0,1.2,0,4,4000
1735.0,10000.0,1.2,0,4,4000
1736.0,10000.0,1.2,0,4,4000
1737.0,10000.0,1.2,0,4,4000
1738.0,10000.0,1.2,0,4,4000
1739.0,10000.0,1.2,0,4,4000
1740.0,10000.0,1.2,0,4,4000
1741.0,10000.0,1.2,0,4,4000
1742.0,10000.0,1.2,0,4,4000
1743.0,10000.0,1.2,0,4,4000
1744.0,10000.0,1.2,0,4,4000
1745.0,10000.0,1.2,0,4,4000
1746.0,10000.0,1.2,0,4,4000
1747.0,10000.0,1.2,0,4,4000
1748.0,10000.0,1.2,0,4,4000
1749.0,10000.0,1.2,0,4,4000
1750.0,10000.0,1.2,0,4,4000
1751.0,10000.0,1.2,0,4,4000
1752.0,10000.0,1.2,0,4,4000
1753.0,10000.0,1.2,0,4,4000
1754.0,10000.0,1.2,0,4,4000
1755.0,10000.0,1.2,0,4,4000
1756.0,10000.0,1.2,0,4,4000
1757.0,10000.0,1.2,0,4,4000
1758.0,10000.0,1.2,0,4,4000
1759.0,10000.0,1.2,0,4,4000
1760.0,10000.0,1.2,0,4,4000
1761.0,10000.0,1.2,0,4,4000
1762.0,10000.0,1.2,0,4,4000
1763.0,10000.0,1.2,0,4,4000
1764.0,10000.0,1.2,0,4,4000
1765.0,10000.0,1.2,0,4,4000
1766.0,10000.0,1.2,0,4,4000
1767.0,10000.0,1.2,0,4,4000
1768.0,10000.0,1.2,0,4,4000
1769.0,10000.0,1.2,0,4,4000
1770.0,10000.0,1.2,0,4,4000
1771.0,10000.0,1.2,0,4,4000
1772.0,10000.0,1.2,0,4,4000
1773.0,10000.0,1.2,0,4,4000
1774.0,10000.0,1.2,0,4,4000
1775.0,10000.0,1.2,0,4,4000
1776.0,10000.0,1.2,0,4,4000
1777.0,10000.0,1.2,0,4,4000
1778.0,10000.0,1.2,0,4,4000
1779.0,10000.0,1.2,0,4,4000
1780.0,10000.0,1.2,0,4,4000
1781.0,10000.0,1.2,0,4,4000
1782.0,10000.0,1.2,0,4,4000
1783.0,10000.0,1.2,0,4,4000
1784.0,10000.0,1.2,0,4,4000
1785.0,10000.0,1.2,0,4,4000
1786.0,10000.0,1.2,0,4,4000
1787.0,10000.0,1.2,0,4,4000
1788.0,10000.0,1.2,0,4,4000
1789.0,10000.0,1.2,0,4,4000
1790.0,10000.0,1.2,0,4,4000
1791.0,10000.0,1.2,0,4,4000
1792.0,10000.0,1.2,0,4,4000
1793.0,10000.0,1.2,0,4,4000
1794.0,10000.0,1.2,0,4,4000
1795.0,10000.0,1.2,0,4,4000
1796.0,10000.0,1.2,0,4,4000
1797.0,10000.0,1.2,0,4,4000
1798.0,10000.0,1.2,0,4,4000
1799.0,10000.0,1.2,0,4,4000
1800.0,10000.0,1.2,0,4,4000
1801.0,10000.0,1.2,0,4,4000
1802.0,10000.0,1.2,0,4,4000
1803.0,10000.0,1.2,0,4,4000
1804.0,10000.0,1.2,0,4,4000
1805.0,10000.0,1.2,0,4,4000
1806.0,10000.0,1.2,0,4,4000
1807.0,10000.0,1.2,0,4,4000
1808.0,10000.0,1.2,0,4,4000
1809.0,10000.0,1.2,0,4,4000
1810.0,10000.0,1.2,0,4,4000
1811.0,10000.0,1.2,0,4,4000
1812.0,10000.0,1.2,0,4,4000
1813.0,10000.0,1.2,0,4,4000
1814.0,10000.0,1.2,0,4,4000
1815.0,10000.0,1.2,0,4,4000
1816.0,10000.0,1.2,0,4,4000
1817.0,10000.0,1.2,0,4,4000
1818.0,10000.0,1.2,0,4,4000
1819.0,10000.0,1.2,0,4,4000
1820.0,10000.0,1.2,0,4,4000
1821.0,10000.0,1.2,0,4,4000
1822.0,10000.0,1.2,0,4,4000
1823.0,10000.0,1.2,0,4,4000
1824.0,10000.0,1.2,0,4,4000
1825.0,10000.0,1.2,0,4,4000
1826.0,10000.0,1.2,0,4,4000
1827.0,10000.0,1.2,0,4,4000
1828.0,10000.0,1.2,0,4,4000
1829.0,10000.0,1.2,0,4,4000
1830.0,10000.0,1.2,0,4,4000
1831.0,10000.0,1.2,0,4,4000
1832.0,10000.0,1.2,0,4,4000
1833.0,10000.0,1.2,0,4,4000
1834.0,10000.0,1.2,0,4,4000
1835.0,10000.0,1.2,0,4,4000
1836.0,10000.0,1.2,0,4,4000
1837.0,10000.0,1.2,0,4,4000
1838.0,10000.0,1.2,0,4,4000
1839.0,10000.0,1.2,0,4,4000
1840.0,10000.0,1.2,0,4,4000
1841.0,10000.0,1.2,0,4,4000
1842.0,10000.0,1.2,0,4,4000
1843.0,10000.0,1.2,0,4,4000
1844.0,10000.0,1.2,0,4,4000
1845.0,10000.0,1.2,0,4,4000
1846.0,10000.0,1.2,0,4,4000
1847.0,10000.0,1.2,0,4,4000
1848.0,10000.0,1.2,0,4,4000
1849.0,10000.0,1.2,0,4,4000
1850.0,10000.0,1.2,0,4,4000
1851.0,10000.0,1.2,0,4,4000
1852.0,10000.0,1.2,0,4,4000
1853.0,10000.0,1.2,0,4,4000
1854.0,10000.0,1.2,0,4,4000
1855.0,10000.0,1.2,0,4,4000
1856.0,10000.0,1.2,0,4,4000
1857.0,10000.0,1.2,0,4,4000
1858.0,10000.0,1.2,0,4,4000
1859.0,10000.0,1.2,0,4,4000
1860.0,10000.0,1.2,0,4,4000
1861.0,10000.0,1.2,0,4,4000
1862.0,10000.0,1.2,0,4,4000
1863.0,10000.0,1.2,0,4,4000
1864.0,10000.0,1.2,0,4,4000
1865.0,10000.0,1.2,0,4,4000
1866.0,10000.0,1.2,0,4,4000
1867.0,10000.0,1.2,0,4,4000
1868.0,10000.0,1.2,0,4,4000
1869.0,10000.0,1.2,0,4,4000
1870.0,10000.0,1.2,0,4,4000
1871.0,10000.0,1.2,0,4,4000
1872.0,10000.0,1.2,0,4,4000
1873.0,10000.0,1.2,0,4,4000
1874.0,10000.0,1.2,0,4,4000
1875.0,10000.0,1.2,0,4,4000
1876.0,10000.0,1.2,0,4,4000
1877.0,10000.0,1.2,0,4,4000
1878.0,10000.0,1.2,0,4,4000
1879.0,10000.0,1.2,0,4,4000
1880.0,10000.0,1.2,0,4,4000
1881.0,10000.0,1.2,0,4,4000
1882.0,10000.0,1.2,0,4,4000
1883.0,10000.0,1.2,0,4,4000
1884.0,10000.0,1.2,0,4,4000
1885.0,10000.0,1.2,0,4,4000
1886.0,10000.0,1.2,0,4,4000
1887.0,10000.0,1.2,0,4,4000
1888.0,10000.0,1.2,0,4,4000
1889.0,10000.0,1.2,0,4,4000
1890.0,10000.0,1.2,0,4,4000
1891.0,10000.0,1.2,0,4,4000
1892.0,10000.0,1.2,0,4,4000
1893.0,10000.0,1.2,0,4,4000
1894.0,10000.0,1.2,0,4,4000
1895.0,10000.0,1.2,0,4,4000
1896.0,10000.0,1.2,0,4,4000
1897.0,10000.0,1.2,0,4,4000
1898.0,10000.0,1.2,0,4,4000
1899.0,10000.0,1.2,0,4,4000
1900.0,10000.0,1.2,0,4,4000
1901.0,10000.0,1.2,0,4,4000
1902.0,10000.0,1.2,0,4,4000
1903.0,10000.0,1.2,0,4,4000
1904.0,10000.0,1.2,0,4,4000
1905.0,10000.0,1.2,0,4,4000
1906.0,10000.0,1.2,0,4,4000
1907.0,10000.0,1.2,0,4,4000
1908.0,10000.0,1.2,0,4,4000
1909.0,10000.0,1.2,0,4,4000
1910.0,10000.0,1.2,0,4,4000
1911.0,10000.0,1.2,0,4,4000
1912.0,10000.0,1.2,0,4,4000
1913.0,10000.0,1.2,0,4,4000
1914.0,10000.0,1.2,0,4,4000
1915.0,10000.0,1.2,0,4,4000
1916.0,10000.0,1.2,0,4,4000
1917.0,10000.0,1.2,0,4,4000
1918.0,10000.0,1.2,0,4,4000
1919.0,10000.0,1.2,0,4,4000
1920.0,10000.0,1.2,0,4,4000
1921.0,10000.0,1.2,0,4,4000
1922.0,10000.0,1.2,0,4,4000
1923.0,10000.0,1.2,0,4,4000
1924.0,10000.0,1.2,0,4,4000
1925.0,10000.0,1.2,0,4,4000
1926.0,10000.0,1.2,0,4,4000
1927.0,10000.0,1.2,0,4,4000
1928.0,10000.0,1.2,0,4,4000
1929.0,10000.0,1.2,0,4,4000
1930.0,10000.0,1.2,0,4,4000
1931.0,10000.0,1.2,0,4,4000
1932.0,10000.0,1.2,0,4,4000
1933.0,10000.0,1.2,0,4,4000
1934.0,10000.0,1.2,0,4,4000
1935.0,10000.0,1.2,0,4,4000
1936.0,10000.0,1.2,0,4,4000
1937.0,10000.0,1.2,0,4,4000
1938.0,10000.0,1.2,0,4,4000
1939.0,10000.0,1.2,0,4,4000
1940.0,10000.0,1.2,0,4,4000
1941.0,10000.0,1.2,0,4,4000
1942.0,10000.0,1.2,0,4,4000
1943.0,10000.0,1.2,0,4,4000
1944.0,10000.0,1.2,0,4,4000
1945.0,10000.0,1.2,0,4,4000
1946.0,10000.0,1.2,0,4,4000
1947.0,10000.0,1.2,0,4,4000
1948.0,10000.0,1.2,0,4,4000
1949.0,10000.0,1.2,0,4,4000
1950.0,10000.0,1.2,0,4,4000
1951.0,10000.0,1.2,0,4,4000
1952.0,10000.0,1.2,0,4,4000
1953.0,10000.0,1.2,0,4,4000
1954.0,10000.0,1.2,0,4,4000
1955.0,10000.0,1.2,0,4,4000
1956.0,10000.0,1.2,0,4,4000
1957.0,10000.0,1.2,0,4,4000
1958.0,10000.0,1.2,0,4,4000
1959.0,10000.0,1.2,0,4,4000
1960.0,10000.0,1.2,0,4,4000
1961.0,10000.0,1.2,0,4,4000
1962.0,10000.0,1.2,0,4,4000
1963.0,10000.0,1.2,0,4,4000
1964.0,10000.0,1.2,0,4,4000
1965.0,10000.0,1.2,0,4,4000
1966.0,10000.0,1.2,0,4,4000
1967.0,10000.0,1.2,0,4,4000
1968.0,10000.0,1.2,0,4,4000
1969.0,10000.0,1.2,0,4,4000
1970.0,10000.0,1.2,0,4,4000
1971.0,10000.0,1.2,0,4,4000
1972.0,10000.0,1.2,0,4,4000
1973.0,10000.0,1.2,0,4,4000
1974.0,10000.0,1.2,0,4,4000
1975.0,10000.0,1.2,0,4,4000
1976.0,10000.0,1.2,0,4,4000
1977.0,10000.0,1.2,0,4,4000
1978.0,10000.0,1.2,0,4,4000
1979.0,10000.0,1.2,0,4,4000
1980.0,10000.0,1.2,0,4,4000
1981.0,10000.0,1.2,0,4,4000
1982.0,10000.0,1.2,0,4,4000
1983.0,10000.0,1.2,0,4,4000
1984.0,10000.0,1.2,0,4,4000
1985.0,10000.0,1.2,0,4,4000
1986.0,10000.0,1.2,0,4,4000
1987.0,10000.0,1.2,0,4,4000
1988.0,10000.0,1.2,0,4,4000
1989.0,10000.0,1.2,0,4,4000
1990.0,10000.0,1.2,0,4,4000
1991.0,10000.0,1.2,0,4,4000
1992.0,10000.0,1.2,0,4,4000
1993.0,10000.0,1.2,0,4,4000
1994.0,10000.0,1.2,0,4,4000
1995.0,10000.0,1.2,0,4,4000
1996.0,10000.0,1.2,0,4,4000
1997.0,10000.0,1.2,0,4,4000
1998.0,10000.0,1.2,0,4,4000
1999.0,10000.0,1.2,0,4,4000
2000.0,10000.0,1.2,0,4,4000
2001.0,10000.0,1.2,0,4,4000
2002.0,10000.0,1.2,0,4,4000
2003.0,10000.0,1.2,0,4,4000
2004.0,10000.0,1.2,0,4,4000
2005.0,10000.0,1.2,0,4,4000
2006.0,10000.0,1.2,0,4,4000
2007.0,10000.0,1.2,0,4,4000
2008.0,10000.0,1.2,0,4,4000
2009.0,10000.0,1.2,0,4,4000
2010.0,10000.0,1.2,0,4,4000
2011.0,10000.0,1.2,0,4,4000
2012.0,10000.0,1.2,0,4,4000
2013.0,10000.0,1.2,0,4,4000
2014.0,10000.0,1.2,0,4,4000
2015.0,10000.0,1.2,0,4,4000
2016.0,10000.0,1.2,0,4,4000
2017.0,10000.0,1.2,0,4,4000
2018.0,10000.0,1.2,0,4,4000
2019.0,10000.0,1.2,0,4,4000
2020.0,10000.0,1.2,0,4,4000
2021.0,10000.0,1.2,0,4,4000
2022.0,10000.0,1.2,0,4,4000
2023.0,10000.0,1.2,0,4,4000
2024.0,10000.0,1.2,0,4,4000
2025.0,10000.0,1.2,0,4,4000
2026.0,10000.0,1.2,0,4,4000
2027.0,10000.0,1.2,0,4,4000
2028.0,10000.0,1.2,0,4,4000
2029.0,10000.0,1.2,0,4,4000
2030.0,10000.0,1.2,0,4,4000
2031.0,10000.0,1.2,0,4,4000
2032.0,10000.0,1.2,0,4,4000
2033.0,10000.0,1.2,0,4,4000
2034.0,10000.0,1.2,0,4,4000
2035.0,10000.0,1.2,0,4,4000
2036.0,10000.0,1.2,0,4,4000
2037.0,10000.0,1.2,0,4,4000
2038.0,10000.0,1.2,0,4,4000
2039.0,10000.0,1.2,0,4,4000
2040.0,10000.0,1.2,0,4,4000
2041.0,10000.0,1.2,0,4,4000
2042.0,10000.0,1.2,0,4,4000
2043.0,10000.0,1.2,0,4,4000
2044.0,10000.0,1.2,0,4,4000
2045.0,10000.0,1.2,0,4,4000
2046.0,10000.0,1.2,0,4,4000
2047.0,10000.0,1.2,0,4,4000
2048.0,10000.0,1.2,0,4,4000
2049.0,10000.0,1.2,0,4,4000
2050.0,10000.0,1.2,0,4,4000
2051.0,10000.0,1.2,0,4,4000
2052.0,10000.0,1.2,0,4,4000
2053.0,10000.0,1.2,0,4,4000
2054.0,10000.0,1.2,0,4,4000
2055.0,10000.0,1.2,0,4,4000
2056.0,10000.0,1.2,0,4,4000
2057.0,10000.0,1.2,0,4,4000
2058.0,10000.0,1.2,0,4,4000
2059.0,10000.0,1.2,0,4,4000
2060.0,10000.0,1.2,0,4,4000
2061.0,10000.0,1.2,0,4,4000
2062.0,10000.0,1.2,0,4,4000
2063.0,10000.0,1.2,0,4,4000
2064.0,10000.0,1.2,0,4,4000
2065.0,10000.0,1.2,0,4,4000
2066.0,10000.0,1.2,0,4,4000
2067.0,10000.0,1.2,0,4,4000
2068.0,10000.0,1.2,0,4,4000
2069.0,10000.0,1.2,0,4,4000
2070.0,10000.0,1.2,0,4,4000
2071.0,10000.0,1.2,0,4,4000
2072.0,10000.0,1.2,0,4,4000
2073.0,10000.0,1.2,0,4,4000
2074.0,10000.0,1.2,0,4,4000
2075.0,10000.0,1.2,0,4,4000
2076.0,10000.0,1.2,0,4,4000
2077.0,10000.0,1.2,0,4,4000
2078.0,10000.0,1.2,0,4,4000
2079.0,10000.0,1.2,0,4,4000
2080.0,10000.0,1.2,0,4,4000
2081.0,10000.0,1.2,0,4,4000
2082.0,10000.0,1.2,0,4,4000
2083.0,10000.0,1.2,0,4,4000
2084.0,10000.0,1.2,0,4,4000
2085.0,10000.0,1.2,0,4,4000
2086.0,10000.0,1.2,0,4,4000
2087.0,10000.0,1.2,0,4,4000
2088.0,10000.0,1.2,0,4,4000
2089.0,10000.0,1.2,0,4,4000
2090.0,10000.0,1.2,0,4,4000
2091.0,10000.0,1.2,0,4,4000
2092.0,10000.0,1.2,0,4,4000
2093.0,10000.0,1.2,0,4,4000
2094.0,10000.0,1.2,0,4,4000
2095.0,10000.0,1.2,0,4,4000
2096.0,10000.0,1.2,0,4,4000
2097.0,10000.0,1.2,0,4,4000
2098.0,10000.0,1.2,0,4,4000
2099.0,10000.0,1.2,0,4,4000
2100.0,10000.0,1.2,0,4,4000
2101.0,10000.0,1.2,0,4,4000
2102.0,10000.0,1.2,0,4,4000
2103.0,10000.0,1.2,0,4,4000
2104.0,10000.0,1.2,0,4,4000
2105.0,10000.0,1.2,0,4,4000
2106.0,10000.0,1.2,0,4,4000
2107.0,10000.0,1.2,0,4,4000
2108.0,10000.0,1.2,0,4,4000
2109.0,10000.0,1.2,0,4,4000
2110.0,10000.0,1.2,0,4,4000
2111.0,10000.0,1.2,0,4,4000
2112.0,10000.0,1.2,0,4,4000
2113.0,10000.0,1.2,0,4,4000
2114.0,10000.0,1.2,0,4,4000
2115.0,10000.0,1.2,0,4,4000
2116.0,10000.0,1.2,0,4,4000
2117.0,10000.0,1.2,0,4,4000
2118.0,10000.0,1.2,0,4,4000
2119.0,10000.0,1.2,0,4,4000
2120.0,10000.0,1.2,0,4,4000
2121.0,10000.0,1.2,0,4,4000
2122.0,10000.0,1.2,0,4,4000
2123.0,10000.0,1.2,0,4,4000
2124.0,10000.0,1.2,0,4,4000
2125.0,10000.0,1.2,0,4,4000
2126.0,10000.0,1.2,0,4,4000
2127.0,10000.0,1.2,0,4,4000
2128.0,10000.0,1.2,0,4,4000
2129.0,10000.0,1.2,0,4,4000
2130.0,10000.0,1.2,0,4,4000
2131.0,10000.0,1.2,0,4,4000
2132.0,10000.0,1.2,0,4,4000
2133.0,10000.0,1.2,0,4,4000
2134.0,10000.0,1.2,0,4,4000
2135.0,10000.0,1.2,0,4,4000
2136.0,10000.0,1.2,0,4,4000
2137.0,10000.0,1.2,0,4,4000
2138.0,10000.0,1.2,0,4,4000
2139.0,10000.0,1.2,0,4,4000
2140.0,10000.0,1.2,0,4,4000
2141.0,10000.0,1.2,0,4,4000
2142.0,10000.0,1.2,0,4,4000
2143.0,10000.0,1.2,0,4,4000
2144.0,10000.0,1.2,0,4,4000
2145.0,10000.0,1.2,0,4,4000
2146.0,10000.0,1.2,0,4,4000
2147.0,10000.0,1.2,0,4,4000
2148.0,10000.0,1.2,0,4,4000
2149.0,10000.0,1.2,0,4,4000
2150.0,10000.0,1.2,0,4,4000
2151.0,10000.0,1.2,0,4,4000
2152.0,10000.0,1.2,0,4,4000
2153.0,10000.0,1.2,0,4,4000
2154.0,10000.0,1.2,0,4,4000
2155.0,10000.0,1.2,0,4,4000
2156.0,10000.0,1.2,0,4,4000
2157.0,10000.0,1.2,0,4,4000
2158.0,10000.0,1.2,0,4,4000
2159.0,10000.0,1.2,0,4,4000
2160.0,10000.0,1.2,0,4,4000
2161.0,10000.0,1.2,0,4,4000
2162.0,10000.0,1.2,0,4,4000
2163.0,10000.0,1.2,0,4,4000
2164.0,10000.0,1.2,0,4,4000
2165.0,10000.0,1.2,0,4,4000
2166.0,10000.0,1.2,0,4,4000
2167.0,10000.0,1.2,0,4,4000
2168.0,10000.0,1.2,0,4,4000
2169.0,10000.0,1.2,0,4,4000
2170.0,10000.0,1.2,0,4,4000
2171.0,10000.0,1.2,0,4,4000
2172.0,10000.0,1.2,0,4,4000
2173.0,10000.0,1.2,0,4,4000
2174.0,10000.0,1.2,0,4,4000
2175.0,10000.0,1.2,0,4,4000
2176.0,10000.0,1.2,0,4,4000
2177.0,10000.0,1.2,0,4,4000
2178.0,10000.0,1.2,0,4,4000
2179.0,10000.0,1.2,0,4,4000
2180.0,10000.0,1.2,0,4,4000
2181.0,10000.0,1.2,0,4,4000
2182.0,10000.0,1.2,0,4,4000
2183.0,10000.0,1.2,0,4,4000
2184.0,10000.0,1.2,0,4,4000
2185.0,10000.0,1.2,0,4,4000
2186.0,10000.0,1.2,0,4,4000
2187.0,10000.0,1.2,0,4,4000
2188.0,10000.0,1.2,0,4,4000
2189.0,10000.0,1.2,0,4,4000
2190.0,10000.0,1.2,0,4,4000
2191.0,10000.0,1.2,0,4,4000
2192.0,10000.0,1.2,0,4,4000
2193.0,10000.0,1.2,0,4,4000
2194.0,10000.0,1.2,0,4,4000
2195.0,10000.0,1.2,0,4,4000
2196.0,10000.0,1.2,0,4,4000
2197.0,10000.0,1.2,0,4,4000
2198.0,10000.0,1.2,0,4,4000
2199.0,10000.0,1.2,0,4,4000
2200.0,10000.0,1.2,0,4,4000
2201.0,10000.0,1.2,0,4,4000
2202.0,10000.0,1.2,0,4,4000
2203.0,10000.0,1.2,0,4,4000
2204.0,10000.0,1.2,0,4,4000
2205.0,10000.0,1.2,0,4,4000
2206.0,10000.0,1.2,0,4,4000
2207.0,10000.0,1.2,0,4,4000
2208.0,10000.0,1.2,0,4,4000
2209.0,10000.0,1.2,0,4,4000
2210.0,10000.0,1.2,0,4,4000
2211.0,10000.0,1.2,0,4,4000
2212.0,10000.0,1.2,0,4,4000
2213.0,10000.0,1.2,0,4,4000
2214.0,10000.0,1.2,0,4,4000
2215.0,10000.0,1.2,0,4,4000
2216.0,10000.0,1.2,0,4,4000
2217.0,10000.0,1.2,0,4,4000
2218.0,10000.0,1.2,0,4,4000
2219.0,10000.0,1.2,0,4,4000
2220.0,10000.0,1.2,0,4,4000
2221.0,10000.0,1.2,0,4,4000
2222.0,10000.0,1.2,0,4,4000
2223.0,10000.0,1.2,0,4,4000
2224.0,10000.0,1.2,0,4,4000
2225.0,10000.0,1.2,0,4,4000
2226.0,10000.0,1.2,0,4,4000
2227.0,10000.0,1.2,0,4,4000
2228.0,10000.0,1.2,0,4,4000
2229.0,10000.0,1.2,0,4,4000
2230.0,10000.0,1.2,0,4,4000
2231.0,10000.0,1.2,0,4,4000
2232.0,10000.0,1.2,0,4,4000
2233.0,10000.0,1.2,0,4,4000
2234.0,10000.0,1.2,0,4,4000
2235.0,10000.0,1.2,0,4,4000
2236.0,10000.0,1.2,0,4,4000
2237.0,10000.0,1.2,0,4,4000
2238.0,10000.0,1.2,0,4,4000
2239.0,10000.0,1.2,0,4,4000
2240.0,10000.0,1.2,0,4,4000
2241.0,10000.0,1.2,0,4,4000
2242.0,10000.0,1.2,0,4,4000
2243.0,10000.0,1.2,0,4,4000
2244.0,10000.0,1.2,0,4,4000
2245.0,10000.0,1.2,0,4,4000
2246.0,10000.0,1.2,0,4,4000
2247.0,10000.0,1.2,0,4,4000
2248.0,10000.0,1.2,0,4,4000
2249.0,10000.0,1.2,0,4,4000
2250.0,10000.0,1.2,0,4,4000
2251.0,10000.0,1.2,0,4,4000
2252.0,10000.0,1.2,0,4,4000
2253.0,10000.0,1.2,0,4,4000
2254.0,10000.0,1.2,0,4,4000
2255.0,10000.0,1.2,0,4,4000
2256.0,10000.0,1.2,0,4,4000
2257.0,10000.0,1.2,0,4,4000
2258.0,10000.0,1.2,0,4,4000
2259.0,10000.0,1.2,0,4,4000
2260.0,10000.0,1.2,0,4,4000
2261.0,10000.0,1.2,0,4,4000
2262.0,10000.0,1.2,0,4,4000
2263.0,10000.0,1.2,0,4,4000
2264.0,10000.0,1.2,0,4,4000
2265.0,10000.0,1.2,0,4,4000
2266.0,10000.0,1.2,0,4,4000
2267.0,10000.0,1.2,0,4,4000
2268.0,10000.0,1.2,0,4,4000
2269.0,10000.0,1.2,0,4,4000
2270.0,10000.0,1.2,0,4,4000
2271.0,10000.0,1.2,0,4,4000
2272.0,10000.0,1.2,0,4,4000
2273.0,10000.0,1.2,0,4,4000
2274.0,10000.0,1.2,0,4,4000
2275.0,10000.0,1.2,0,4,4000
2276.0,10000.0,1.2,0,4,4000
2277.0,10000.0,1.2,0,4,4000
2278.0,10000.0,1.2,0,4,4000
2279.0,10000.0,1.2,0,4,4000
2280.0,10000.0,1.2,0,4,4000
2281.0,10000.0,1.2,0,4,4000
2282.0,10000.0,1.2,0,4,4000
2283.0,10000.0,1.2,0,4,4000
2284.0,10000.0,1.2,0,4,4000
2285.0,10000.0,1.2,0,4,4000
2286.0,10000.0,1.2,0,4,4000
2287.0,10000.0,1.2,0,4,4000
2288.0,10000.0,1.2,0,4,4000
2289.0,10000.0,1.2,0,4,4000
2290.0,10000.0,1.2,0,4,4000
2291.0,10000.0,1.2,0,4,4000
2292.0,10000.0,1.2,0,4,4000
2293.0,10000.0,1.2,0,4,4000
2294.0,10000.0,1.2,0,4,4000
2295.0,10000.0,1.2,0,4,4000
2296.0,10000.0,1.2,0,4,4000
2297.0,10000.0,1.2,0,4,4000
2298.0,10000.0,1.2,0,4,4000
2299.0,10000.0,1.2,0,4,4000
2300.0,10000.0,1.2,0,4,4000
2301.0,10000.0,1.2,0,4,4000
2302.0,10000.0,1.2,0,4,4000
2303.0,10000.0,1.2,0,4,4000
2304.0,10000.0,1.2,0,4,4000
2305.0,10000.0,1.2,0,4,4000
2306.0,10000.0,1.2,0,4,4000
2307.0,10000.0,1.2,0,4,4000
2308.0,10000.0,1.2,0,4,4000
2309.0,10000.0,1.2,0,4,4000
2310.0,10000.0,1.2,0,4,4000
2311.0,10000.0,1.2,0,4,4000
2312.0,10000.0,1.2,0,4,4000
2313.0,10000.0,1.2,0,4,4000
2314.0,10000.0,1.2,0,4,4000
2315.0,10000.0,1.2,0,4,4000
2316.0,10000.0,1.2,0,4,4000
2317.0,10000.0,1.2,0,4,4000
2318.0,10000.0,1.2,0,4,4000
2319.0,10000.0,1.2,0,4,4000
2320.0,10000.0,1.2,0,4,4000
2321.0,10000.0,1.2,0,4,4000
2322.0,10000.0,1.2,0,4,4000
2323.0,10000.0,1.2,0,4,4000
2324.0,10000.0,1.2,0,4,4000
2325.0,10000.0,1.2,0,4,4000
2326.0,10000.0,1.2,0,4,4000
2327.0,10000.0,1.2,0,4,4000
2328.0,10000.0,1.2,0,4,4000
2329.0,10000.0,1.2,0,4,4000
2330.0,10000.0,1.2,0,4,4000
2331.0,10000.0,1.2,0,4,4000
2332.0,10000.0,1.2,0,4,4000
2333.0,10000.0,1.2,0,4,4000
2334.0,10000.0,1.2,0,4,4000
2335.0,10000.0,1.2,0,4,4000
2336.0,10000.0,1.2,0,4,4000
2337.0,10000.0,1.2,0,4,4000
2338.0,10000.0,1.2,0,4,4000
2339.0,10000.0,1.2,0,4,4000
2340.0,10000.0,1.2,0,4,4000
2341.0,10000.0,1.2,0,4,4000
2342.0,10000.0,1.2,0,4,4000
2343.0,10000.0,1.2,0,4,4000
2344.0,10000.0,1.2,0,4,4000
2345.0,10000.0,1.2,0,4,4000
2346.0,10000.0,1.2,0,4,4000
2347.0,10000.0,1.2,0,4,4000
2348.0,10000.0,1.2,0,4,4000
2349.0,10000.0,1.2,0,4,4000
2350.0,10000.0,1.2,0,4,4000
2351.0,10000.0,1.2,0,4,4000
2352.0,10000.0,1.2,0,4,4000
2353.0,10000.0,1.2,0,4,4000
2354.0,10000.0,1.2,0,4,4000
2355.0,10000.0,1.2,0,4,4000
2356.0,10000.0,1.2,0,4,4000
2357.0,10000.0,1.2,0,4,4000
2358.0,10000.0,1.2,0,4,4000
2359.0,10000.0,1.2,0,4,4000
2360.0,10000.0,1.2,0,4,4000
2361.0,10000.0,1.2,0,4,4000
2362.0,10000.0,1.2,0,4,4000
2363.0,10000.0,1.2,0,4,4000
2364.0,10000.0,1.2,0,4,4000
2365.0,10000.0,1.2,0,4,4000
2366.0,10000.0,1.2,0,4,4000
2367.0,10000.0,1.2,0,4,4000
2368.0,10000.0,1.2,0,4,4000
2369.0,10000.0,1.2,0,4,4000
2370.0,10000.0,1.2,0,4,4000
2371.0,10000.0,1.2,0,4,4000
2372.0,10000.0,1.2,0,4,4000
2373.0,10000.0,1.2,0,4,4000
2374.0,10000.0,1.2,0,4,4000
2375.0,10000.0,1.2,0,4,4000
2376.0,10000.0,1.2,0,4,4000
2377.0,10000.0,1.2,0,4,4000
2378.0,10000.0,1.2,0,4,4000
2379.0,10000.0,1.2,0,4,4000
2380.0,10000.0,1.2,0,4,4000
2381.0,10000.0,1.2,0,4,4000
2382.0,10000.0,1.2,0,4,4000
2383.0,10000.0,1.2,0,4,4000
2384.0,10000.0,1.2,0,4,4000
2385.0,10000.0,1.2,0,4,4000
2386.0,10000.0,1.2,0,4,4000
2387.0,10000.0,1.2,0,4,4000
2388.0,10000.0,1.2,0,4,4000
2389.0,10000.0,1.2,0,4,4000
2390.0,10000.0,1.2,0,4,4000
2391.0,10000.0,1.2,0,4,4000
2392.0,10000.0,1.2,0,4,4000
2393.0,10000.0,1.2,0,4,4000
2394.0,10000.0,1.2,0,4,4000
2395.0,10000.0,1.2,0,4,4000
2396.0,10000.0,1.2,0,4,4000
2397.0,10000.0,1.2,0,4,4000
2398.0,10000.0,1.2,0,4,4000
2399.0,10000.0,1.2,0,4,4000
2400.0,10000.0,1.2,0,4,4000
2401.0,10000.0,1.2,0,4,4000
2402.0,10000.0,1.2,0,4,4000
2403.0,10000.0,1.2,0,4,4000
2404.0,10000.0,1.2,0,4,4000
2405.0,10000.0,1.2,0,4,4000
2406.0,10000.0,1.2,0,4,4000
2407.0,10000.0,1.2,0,4,4000
2408.0,10000.0,1.2,0,4,4000
2409.0,10000.0,1.2,0,4,4000
2410.0,10000.0,1.2,0,4,4000
2411.0,10000.0,1.2,0,4,4000
2412.0,10000.0,1.2,0,4,4000
2413.0,10000.0,1.2,0,4,4000
2414.0,10000.0,1.2,0,4,4000
2415.0,10000.0,1.2,0,4,4000
2416.0,10000.0,1.2,0,4,4000
2417.0,10000.0,1.2,0,4,4000
2418.0,10000.0,1.2,0,4,4000
2419.0,10000.0,1.2,0,4,4000
2420.0,10000.0,1.2,0,4,4000
2421.0,10000.0,1.2,0,4,4000
2422.0,10000.0,1.2,0,4,4000
2423.0,10000.0,1.2,0,4,4000
2424.0,10000.0,1.2,0,4,4000
2425.0,10000.0,1.2,0,4,4000
2426.0,10000.0,1.2,0,4,4000
2427.0,10000.0,1.2,0,4,4000
2428.0,10000.0,1.2,0,4,4000
2429.0,10000.0,1.2,0,4,4000
2430.0,10000.0,1.2,0,4,4000
2431.0,10000.0,1.2,0,4,4000
2432.0,10000.0,1.2,0,4,4000
2433.0,10000.0,1.2,0,4,4000
2434.0,10000.0,1.2,0,4,4000
2435.0,10000.0,1.2,0,4,4000
2436.0,10000.0,1.2,0,4,4000
2437.0,10000.0,1.2,0,4,4000
2438.0,10000.0,1.2,0,4,4000
2439.0,10000.0,1.2,0,4,4000
2440.0,10000.0,1.2,0,4,4000
2441.0,10000.0,1.2,0,4,4000
2442.0,10000.0,1.2,0,4,4000
2443.0,10000.0,1.2,0,4,4000
2444.0,10000.0,1.2,0,4,4000
2445.0,10000.0,1.2,0,4,4000
2446.0,10000.0,1.2,0,4,4000
2447.0,10000.0,1.2,0,4,4000
2448.0,10000.0,1.2,0,4,4000
2449.0,10000.0,1.2,0,4,4000
2450.0,10000.0,1.2,0,4,4000
2451.0,10000.0,1.2,0,4,4000
2452.0,10000.0,1.2,0,4,4000
2453.0,10000.0,1.2,0,4,4000
2454.0,10000.0,1.2,0,4,4000
2455.0,10000.0,1.2,0,4,4000
2456.0,10000.0,1.2,0,4,4000
2457.0,10000.0,1.2,0,4,4000
2458.0,10000.0,1.2,0,4,4000
2459.0,10000.0,1.2,0,4,4000
2460.0,10000.0,1.2,0,4,4000
2461.0,10000.0,1.2,0,4,4000
2462.0,10000.0,1.2,0,4,4000
2463.0,10000.0,1.2,0,4,4000
2464.0,10000.0,1.2,0,4,4000
2465.0,10000.0,1.2,0,4,4000
2466.0,10000.0,1.2,0,4,4000
2467.0,10000.0,1.2,0,4,4000
2468.0,10000.0,1.2,0,4,4000
2469.0,10000.0,1.2,0,4,4000
2470.0,10000.0,1.2,0,4,4000
2471.0,10000.0,1.2,0,4,4000
2472.0,10000.0,1.2,0,4,4000
2473.0,10000.0,1.2,0,4,4000
2474.0,10000.0,1.2,0,4,4000
2475.0,10000.0,1.2,0,4,4000
2476.0,10000.0,1.2,0,4,4000
2477.0,10000.0,1.2,0,4,4000
2478.0,10000.0,1.2,0,4,4000
2479.0,10000.0,1.2,0,4,4000
2480.0,10000.0,1.2,0,4,4000
2481.0,10000.0,1.2,0,4,4000
2482.0,10000.0,1.2,0,4,4000
2483.0,10000.0,1.2,0,4,4000
2484.0,10000.0,1.2,0,4,4000
2485.0,10000.0,1.2,0,4,4000
2486.0,10000.0,1.2,0,4,4000
2487.0,10000.0,1.2,0,4,4000
2488.0,10000.0,1.2,0,4,4000
2489.0,10000.0,1.2,0,4,4000
2490.0,10000.0,1.2,0,4,4000
2491.0,10000.0,1.2,0,4,4000
2492.0,10000.0,1.2,0,4,4000
2493.0,10000.0,1.2,0,4,4000
2494.0,10000.0,1.2,0,4,4000
2495.0,10000.0,1.2,0,4,4000
2496.0,10000.0,1.2,0,4,4000
2497.0,10000.0,1.2,0,4,4000
2498.0,10000.0,1.2,0,4,4000
2499.0,10000.0,1.2,0,4,4000
2500.0,10000.0,1.2,0,4,4000
